bike_id,brand,size,weight,purchase_price,purchase_date,status
8526180,Cdale,45,8.25,970.19,1996-02-15,broken
5613948,Trek,48,11.04,614.28,1978-10-09,rented
9511490,Cdale,45,1.39,956.51,1992-05-28,rented
5635116,Canyon,54,10.48,515.53,1986-05-09,rented
0047988,Canyon,46,5.36,561.85,1973-10-31,available
0363572,Canyon,51,7.71,535.84,1999-01-08,rented
2317523,Trek,55,5.16,690.43,1984-09-27,broken
4034336,Giant,46,5.09,437.34,1988-11-14,available
7645267,Trek,56,3.01,815.47,2005-01-26,available
7067322,BMC,46,4.52,809.46,1993-04-05,rented
1895529,Giant,44,6.15,468.00,1996-10-16,available
2981380,BMC,48,5.69,800.76,1978-06-17,available
6502155,GT,42,11.15,489.99,1995-12-16,broken
2938793,Cdale,56,8.33,1115.57,1972-02-22,available
7002580,GT,59,10.13,534.30,2002-01-16,available
5494368,GT,59,9.26,370.76,1987-07-26,available
4435739,Canyon,59,8.52,598.57,1997-06-24,available
3051985,Trek,59,6.67,640.16,1997-12-05,broken
5938740,Canyon,42,7.55,672.77,1982-10-23,available
7485465,Canyon,46,10.05,588.38,1998-11-28,broken
4514057,Trek,42,2.54,972.69,2007-04-08,available
6333125,Giant,52,10.86,428.33,2002-04-20,broken
5535131,Cdale,58,4.24,898.78,2008-05-14,rented
3034004,Cdale,54,4.62,1021.90,1979-06-16,broken
4831137,Cdale,58,5.87,1104.45,1981-03-23,broken
3071841,Trek,57,3.66,851.24,1977-03-25,available
4235291,Cdale,50,7.92,914.63,1974-12-19,broken
6591734,Giant,51,10.91,414.43,1974-05-21,available
6805386,Trek,54,10.35,717.22,2000-10-24,rented
6176313,GT,49,8.14,565.25,1975-07-09,available
8228619,BMC,46,8.65,814.12,2008-03-19,broken
3684088,Trek,52,6.96,718.03,2009-09-20,broken
1518398,Giant,48,7.08,434.01,1978-06-03,available
2724513,BMC,43,8.60,831.38,1987-01-26,available
2428326,GT,53,13.68,579.71,2005-07-29,available
9493538,BMC,55,10.90,826.93,1997-02-16,broken
5798037,BMC,51,8.68,824.98,1976-02-21,available
7810371,BMC,58,4.40,907.93,1982-03-24,broken
3650741,GT,58,10.29,324.82,1972-05-21,rented
6089858,BMC,56,8.28,729.19,1990-04-06,broken
8313361,GT,42,5.21,631.78,1978-10-05,broken
7908741,GT,52,7.49,352.16,1983-05-22,rented
9973514,Canyon,52,11.19,572.97,1988-05-24,broken
9512121,GT,46,3.77,540.10,1991-11-30,broken
8441956,GT,57,11.41,412.20,2007-07-29,available
7968413,Trek,57,8.15,855.48,1975-08-21,broken
9885769,Giant,44,10.69,455.64,1998-07-13,available
6830719,GT,57,9.33,654.41,1999-04-25,broken
6766495,Canyon,49,6.07,530.14,1971-03-07,broken
2756810,Canyon,48,8.35,608.89,1993-09-09,available
0401330,Trek,49,11.90,748.59,1976-03-11,available
5560287,Trek,55,9.73,357.76,1979-03-28,broken
7744599,Trek,46,8.44,684.38,2004-05-18,rented
0891373,Cdale,42,5.46,1067.60,2004-07-09,available
4680645,GT,50,10.18,482.08,1996-09-19,broken
0423765,Canyon,51,7.37,537.33,1977-10-18,broken
4844484,GT,42,5.95,599.27,1992-03-21,broken
5765932,Giant,57,14.64,346.50,2005-01-01,available
9332718,GT,57,13.83,387.55,1995-09-24,available
5031775,Trek,44,7.85,865.29,2000-04-01,broken
1293848,GT,53,10.59,585.51,1983-07-10,available
6230470,GT,53,6.15,558.20,2009-07-08,broken
1316080,GT,44,10.89,384.79,1974-10-21,available
7784458,Trek,51,1.29,936.15,1971-10-17,available
3389822,Trek,54,10.46,435.95,1980-01-01,broken
2516173,Canyon,48,3.53,672.23,1986-03-11,available
2588208,GT,45,2.50,490.00,1978-05-25,broken
3644226,Cdale,46,7.93,1150.43,1989-02-04,available
4956131,GT,57,8.32,494.62,2004-11-28,available
3714080,Cdale,43,5.71,1098.77,2002-03-07,rented
3319719,Giant,54,10.93,447.10,1985-02-10,available
4030742,BMC,56,5.64,916.32,2008-07-23,available
9842812,Canyon,42,8.20,687.30,1980-11-26,broken
9222468,Canyon,50,7.14,619.03,2003-03-12,available
2129655,Giant,43,10.17,483.43,1980-07-06,broken
7866230,BMC,43,8.93,724.87,1981-10-06,available
6538296,Trek,53,8.77,760.67,1999-06-04,rented
0500176,Giant,49,9.96,446.26,1972-08-05,available
1477847,GT,42,4.52,486.76,1972-09-29,broken
4685564,BMC,55,9.58,724.89,1993-07-21,available
0405392,BMC,58,9.07,888.50,1986-07-11,available
0657819,GT,49,8.62,536.79,1989-08-01,available
2338800,Canyon,57,9.30,536.70,1992-01-30,available
4677824,Cdale,42,4.27,1060.77,1976-11-03,available
2663674,Canyon,51,7.40,532.48,2004-07-30,rented
4658709,Trek,47,10.09,778.82,1983-01-04,available
0254976,GT,48,10.31,486.08,1986-06-04,broken
0055644,GT,52,5.21,653.44,1984-01-16,available
2867517,Cdale,50,7.08,1011.14,1984-05-16,rented
7121531,GT,49,8.70,466.47,1970-06-17,available
8781893,BMC,49,6.83,710.86,2004-12-02,available
1968697,Trek,57,7.20,889.97,1980-12-18,available
2506383,BMC,46,10.84,710.90,1990-04-23,available
4314865,Trek,56,7.86,750.64,1987-09-25,broken
0282730,BMC,46,1.16,746.32,2001-02-20,broken
2146389,Canyon,45,10.39,618.26,1972-03-29,broken
6836283,GT,49,8.70,552.05,2001-01-02,available
6295328,Cdale,59,7.88,1020.48,1990-10-29,available
0044543,Giant,48,6.50,483.32,1974-12-11,available
8273383,Canyon,54,9.12,626.58,2005-12-02,available
8455721,GT,56,5.97,612.65,2009-01-01,broken
2144579,Cdale,51,9.52,964.55,1974-10-17,available
3331483,Cdale,50,9.64,1028.27,1973-05-19,available
4756796,Cdale,48,3.87,888.61,1970-11-14,broken
8139984,BMC,52,4.86,834.10,2004-08-04,broken
1828067,Canyon,53,10.07,742.25,1977-03-12,broken
9969147,Giant,48,1.80,500.84,2000-02-05,broken
1503040,Cdale,48,9.93,1018.41,1985-06-07,broken
7479342,BMC,54,10.38,924.77,1972-10-13,broken
9862588,Canyon,56,4.17,652.63,1979-01-24,available
7412320,Cdale,55,7.16,1148.26,1998-09-09,rented
7659122,BMC,53,10.63,710.53,2009-10-28,available
3926022,GT,47,6.40,471.61,1990-02-06,broken
1179325,Trek,42,1.97,914.76,2006-08-13,broken
4273414,Giant,55,8.54,449.18,1998-10-14,broken
9852329,GT,48,8.37,653.57,1989-04-23,broken
0644057,Giant,54,14.91,357.48,2004-09-28,available
9915202,BMC,50,5.57,784.88,1980-10-08,rented
4287090,Canyon,56,8.27,591.22,1975-06-07,rented
5245489,Cdale,44,2.22,1167.67,1995-02-24,available
1794323,BMC,53,6.82,773.97,1983-10-16,available
6968004,Trek,58,1.94,655.18,1994-05-23,broken
1261079,GT,42,8.97,559.86,1999-12-27,available
3522180,Trek,48,1.58,684.21,1972-05-29,broken
1033453,GT,50,10.39,615.80,1995-11-20,available
7227378,Giant,58,6.86,461.79,1977-06-13,broken
4693245,Cdale,57,7.56,1007.77,1972-04-18,available
3743107,Trek,57,11.25,638.09,1987-10-08,broken
8186632,Giant,46,12.12,360.84,1997-06-30,available
3091929,Giant,46,10.69,432.29,1981-07-21,available
1034711,Giant,43,7.72,448.19,1988-07-18,broken
3707026,BMC,55,8.02,840.68,1981-11-15,broken
0347179,Trek,43,9.16,634.74,2000-07-16,available
3748511,GT,45,4.24,418.05,1986-09-09,broken
8049755,BMC,58,10.97,814.71,2000-06-06,rented
4406751,GT,59,9.13,466.66,1976-11-07,rented
5037315,Cdale,49,1.87,821.56,1977-11-28,available
9942953,Canyon,48,10.08,558.84,1977-06-23,rented
8290508,BMC,59,5.16,833.61,2006-12-12,available
1124366,Trek,43,11.18,611.03,2002-10-24,rented
5525069,GT,54,9.61,346.29,1991-05-18,broken
6572626,Giant,59,10.60,388.15,1999-02-25,broken
2716354,Trek,55,4.10,600.30,1990-09-26,available
9874154,Cdale,42,5.81,1100.42,1993-03-30,rented
5304015,GT,55,9.77,602.97,1981-11-25,available
7138798,Canyon,43,6.03,654.18,1988-10-04,available
7843060,Giant,46,11.01,332.57,1989-08-16,available
0222443,Canyon,47,6.22,536.94,1978-03-21,available
8180277,Giant,50,7.16,395.54,1986-03-20,broken
9781246,Giant,58,10.39,417.58,1972-07-28,available
8497324,Canyon,53,2.87,638.98,2005-12-02,available
8141637,Trek,43,6.92,750.02,1992-04-18,available
2678664,Giant,59,10.40,329.75,2002-01-18,rented
0868412,BMC,59,11.70,838.10,1976-07-07,rented
6363949,GT,51,8.68,395.55,1979-12-20,broken
1563631,Canyon,43,9.90,631.09,1977-12-01,broken
7086743,GT,49,11.72,526.01,1974-11-22,broken
0215596,Giant,44,7.26,392.86,1998-12-30,broken
5898269,BMC,53,12.12,775.16,1986-04-17,rented
3852668,Canyon,45,5.04,593.28,1991-02-12,available
1983623,Giant,51,6.49,428.75,1990-06-25,available
2102668,GT,48,3.90,497.46,1970-02-20,broken
0474914,Canyon,50,9.09,591.30,1987-08-25,rented
7547094,Trek,47,4.87,689.86,2004-02-12,available
8026344,BMC,52,3.07,775.83,2006-09-01,available
5870683,Cdale,52,8.31,971.90,1996-06-04,broken
4990842,Canyon,43,4.13,596.32,1997-07-30,broken
0624979,Trek,50,11.83,588.71,1983-07-17,available
1277144,Trek,44,1.99,761.18,1974-07-28,available
2831541,Trek,54,11.84,634.26,2006-01-14,broken
4801883,Canyon,50,8.29,610.40,1999-11-22,available
4946356,Cdale,48,4.45,951.46,1986-10-13,available
3889508,Giant,48,10.83,398.78,2004-06-24,broken
9924170,GT,47,5.78,500.94,1999-07-24,available
2733075,Cdale,59,5.18,1008.67,1979-07-29,available
5450502,Giant,47,12.01,336.05,1998-05-04,available
4775554,Giant,55,4.03,475.44,1972-12-30,available
1000760,Canyon,55,9.87,615.23,2002-02-18,rented
4031564,Trek,55,6.23,646.61,2007-03-13,available
8553518,BMC,53,7.82,828.25,2006-01-05,available
6361800,Canyon,51,4.73,721.02,1971-07-19,available
7230620,BMC,57,7.01,781.58,1974-09-17,available
8436555,BMC,50,4.81,934.71,1992-09-03,available
6743020,Cdale,52,4.66,921.66,1972-08-07,available
9606642,BMC,47,11.18,775.61,1999-11-16,rented
4011604,BMC,51,10.63,857.85,2001-11-02,available
9056342,GT,47,7.78,450.82,2001-02-15,available
3094826,Canyon,52,7.85,740.64,1974-09-05,available
4274262,Cdale,51,3.52,987.01,2001-11-27,broken
4666113,Giant,58,8.36,397.67,1973-11-11,available
7797084,Cdale,44,3.60,1036.13,1980-11-06,broken
8029225,Cdale,47,5.86,956.01,1973-01-02,available
1406743,BMC,55,9.37,789.01,2005-09-10,broken
9933749,Cdale,44,2.64,1083.25,1978-08-09,rented
1479358,Cdale,54,11.45,997.64,1985-03-22,rented
2941068,Giant,51,8.99,409.63,1973-04-14,available
7089236,Cdale,56,12.10,992.76,2000-10-06,rented
3044199,BMC,47,4.44,850.24,2008-03-02,broken
4752624,Cdale,47,3.74,1112.61,1974-03-10,broken
9749358,Trek,47,5.65,774.76,1982-10-29,rented
0432982,Cdale,53,7.02,1019.03,1979-02-12,broken
7673266,Cdale,48,7.28,1031.42,1989-03-31,broken
7463275,Trek,55,7.41,660.33,1981-09-28,available
1835580,GT,43,9.85,501.68,1994-03-15,available
7355647,BMC,42,4.99,703.93,1975-06-18,available
5482375,BMC,57,11.58,807.50,1977-09-28,available
2576087,Canyon,57,8.41,593.34,1983-11-18,available
2113068,Giant,49,5.22,400.24,2003-10-09,available
7793658,Giant,52,4.35,353.99,1977-05-12,available
0251540,Cdale,52,8.90,1014.97,1990-01-28,broken
7987718,Trek,44,1.83,881.80,2003-12-21,broken
9137114,Giant,44,8.54,429.92,2009-10-21,broken
2310565,GT,44,7.21,667.77,1986-03-26,broken
5865524,Canyon,57,9.39,580.79,1987-10-09,available
4976847,Canyon,42,5.34,731.25,1975-12-04,available
7483248,BMC,52,2.84,669.58,1992-06-12,rented
8266874,GT,56,8.87,564.14,2000-02-10,broken
9064524,Giant,42,7.61,371.84,2000-03-07,broken
0614692,BMC,58,10.66,782.00,2000-06-30,rented
7801077,Trek,45,2.73,641.17,2009-09-07,broken
5897642,BMC,45,7.80,866.86,1983-04-18,available
1640173,Canyon,57,4.75,675.36,2002-03-22,available
6975931,Trek,58,7.04,791.43,1976-01-11,broken
0084457,BMC,42,4.73,835.80,1974-04-14,available
4126482,BMC,55,8.46,771.39,1978-08-06,available
1661128,Trek,48,10.89,576.63,1973-01-21,available
3519149,BMC,47,5.05,937.55,1996-02-03,available
8271542,Cdale,46,8.48,815.66,2008-03-16,rented
0883538,Giant,43,8.57,429.18,1982-03-04,rented
0898277,Trek,43,2.00,664.53,1994-06-03,broken
6334678,Trek,59,8.35,702.91,1976-03-11,broken
5340732,GT,52,12.46,334.65,1985-04-04,available
7343770,Trek,50,7.09,935.06,2007-03-26,available
2954538,GT,50,9.48,583.24,1980-02-26,broken
4503238,GT,43,5.03,509.06,1984-10-27,available
1034631,Trek,52,10.55,1023.37,1974-10-26,broken
0925874,Giant,52,9.69,378.77,2009-02-14,available
2088932,BMC,44,5.86,864.33,2002-08-07,rented
1699523,Trek,51,7.45,737.16,1981-07-31,available
9600785,BMC,58,7.61,857.91,1991-12-01,broken
2230456,Canyon,43,10.18,495.50,1993-02-10,available
8312895,Giant,53,11.50,417.01,1970-11-12,broken
9217623,GT,55,7.87,429.33,1987-07-12,available
4108091,Giant,56,10.50,435.34,1997-11-15,available
0487190,GT,51,10.00,364.21,1977-12-07,broken
2616837,Giant,58,9.55,385.62,2003-08-23,broken
7982631,Trek,53,8.46,450.11,1989-09-21,available
2750913,Trek,56,6.48,1005.78,1986-10-22,broken
1824919,Canyon,43,8.75,622.03,1973-11-09,available
6940589,GT,42,9.03,564.40,1988-04-13,rented
0176300,Cdale,52,6.87,924.05,1980-09-01,broken
4506239,Cdale,55,4.96,1168.47,1980-03-01,rented
8017710,Giant,42,9.74,471.25,1980-01-11,available
6989586,Canyon,55,6.47,596.62,2005-08-01,rented
9543637,BMC,48,6.24,703.60,1974-10-05,broken
4380597,Trek,54,3.10,983.31,1996-01-19,broken
8642925,Trek,51,3.29,698.88,2007-10-25,broken
1277572,BMC,54,5.36,878.78,1982-01-25,broken
9397390,Giant,52,8.52,431.41,1978-02-02,available
5368876,GT,47,6.41,613.39,1990-01-03,broken
1399220,Canyon,42,3.98,598.25,1986-03-02,available
5400170,Canyon,57,9.13,630.48,2009-05-14,available
9050028,GT,52,9.56,348.50,1971-06-22,rented
0543804,Trek,46,9.84,699.02,1977-11-09,available
2652366,Canyon,43,7.55,478.35,1978-03-22,available
4557642,Trek,56,6.60,641.57,1987-07-31,rented
8010060,BMC,55,8.23,684.21,1979-06-20,available
7510063,Trek,45,7.56,786.38,2007-02-21,rented
6971319,Trek,42,3.95,681.51,1977-03-06,rented
7521789,BMC,44,3.32,748.61,2007-02-12,rented
7754122,Trek,55,13.09,642.25,1992-01-18,available
6914923,BMC,52,10.48,802.42,2001-07-28,available
8519251,GT,56,12.92,291.08,2009-12-04,broken
9534141,Canyon,59,6.96,564.33,1988-10-10,broken
2885922,GT,44,9.65,380.85,1984-12-30,available
6730914,Giant,50,11.12,384.57,1984-09-29,broken
2979616,BMC,51,4.17,777.36,1974-05-30,available
1638257,Giant,58,8.41,444.86,1995-09-03,available
3700495,Canyon,55,10.34,607.60,2005-03-02,available
7716789,GT,51,6.58,477.17,1975-11-09,available
9012940,Cdale,52,7.81,1041.46,1984-08-16,broken
5168265,GT,43,6.19,412.54,1998-04-03,broken
4069526,Giant,47,9.64,305.87,1972-07-17,broken
7472064,BMC,43,6.50,954.64,1974-03-09,rented
2466110,GT,58,11.70,522.16,1984-05-03,rented
4048736,Giant,49,9.96,397.73,1994-10-23,broken
8237599,GT,42,7.72,400.28,1985-03-02,broken
0675093,Cdale,54,4.15,1028.46,1979-05-02,available
7917757,GT,46,4.17,700.53,1970-07-12,broken
6506401,Trek,58,7.09,851.93,2002-09-02,broken
6497144,Giant,45,7.55,417.37,1985-11-13,broken
5232998,BMC,47,5.01,818.64,1989-01-10,rented
0805767,Giant,47,5.05,420.67,1976-03-18,rented
7897106,Canyon,59,11.73,492.92,1995-12-15,broken
8538636,Canyon,58,15.38,426.58,1989-10-11,broken
0929859,BMC,42,5.49,830.26,1975-11-04,rented
1591582,Canyon,50,9.58,575.72,1978-06-14,broken
8839752,Cdale,50,3.28,930.59,1976-09-02,available
4116507,BMC,44,6.98,716.49,1990-04-16,available
3881207,GT,59,9.09,461.46,1973-06-26,rented
9341713,BMC,51,3.59,852.39,2002-09-10,available
3383985,BMC,43,5.36,1002.50,2004-02-28,broken
2156209,Cdale,58,9.88,872.21,1999-09-12,available
5565401,Canyon,57,8.13,609.60,1992-06-23,available
0401368,Canyon,57,8.91,595.18,1985-05-13,available
6101818,Trek,54,6.09,726.72,1981-05-23,available
3023344,Cdale,51,8.95,944.83,1998-05-22,broken
8184842,Giant,50,11.98,430.21,2004-09-21,broken
7994304,BMC,58,5.33,817.53,1972-10-25,broken
5750394,Trek,43,5.04,750.34,2008-03-31,available
0683801,Giant,51,6.64,412.98,1982-04-05,available
2130487,Cdale,59,6.61,1056.69,2000-03-31,broken
7144752,Canyon,57,11.40,581.49,2004-09-12,broken
8172585,GT,45,8.13,365.87,2002-04-08,available
3540236,Trek,52,6.54,757.91,1989-09-22,broken
0495550,Canyon,50,9.85,586.72,1973-02-20,available
8481759,Giant,53,13.98,488.37,1994-04-10,broken
2335919,Trek,57,7.67,840.62,1972-01-16,rented
9111285,Giant,44,6.46,368.77,1976-12-18,broken
5287764,Cdale,52,5.40,930.87,2005-02-07,available
9681032,Cdale,58,9.45,1010.24,1988-12-18,rented
7841044,Giant,45,7.10,382.58,2002-11-05,available
3939698,Giant,59,11.84,435.90,1996-11-27,broken
2469385,Giant,46,3.08,454.33,2006-07-13,available
5880909,Trek,45,3.32,837.08,2002-12-09,available
9867405,Cdale,46,8.33,1084.30,1987-12-23,rented
1077157,Giant,46,7.92,410.93,2001-03-19,rented
6020611,Cdale,57,6.31,1109.30,1975-06-20,available
0284912,GT,58,12.78,341.04,2005-09-26,broken
1904369,GT,53,10.66,643.34,1989-03-05,available
9452674,Trek,49,5.58,689.89,1985-02-18,rented
6787413,Canyon,49,3.95,756.08,1996-04-06,available
6223441,Cdale,53,3.47,1030.51,1987-04-30,rented
6806358,Giant,47,13.11,372.75,1970-11-08,broken
8357982,Trek,45,9.15,484.79,1996-02-21,rented
3235733,Giant,57,6.02,372.90,2005-10-28,broken
3241494,BMC,50,8.09,878.45,1986-05-21,available
6616913,Giant,51,6.65,421.70,2008-08-21,available
6783104,Cdale,42,2.88,1014.57,1985-03-06,available
5545326,BMC,53,2.72,900.06,1981-12-31,available
6420500,Canyon,53,4.71,601.47,1983-05-14,rented
6375954,GT,46,5.59,429.15,1990-08-26,available
6628563,Cdale,50,6.20,986.32,2001-01-08,broken
7428602,Giant,53,8.55,439.35,2006-07-22,rented
9545382,Trek,57,5.22,841.80,1986-09-21,available
2995623,Giant,44,7.73,430.14,2006-01-14,available
0419415,GT,52,9.31,585.36,1979-06-12,broken
7859776,Canyon,56,10.07,571.71,1977-06-07,broken
4098709,Trek,52,10.19,804.61,1990-01-11,available
5190224,Giant,48,6.36,394.06,1996-10-17,broken
6212205,BMC,49,5.38,912.85,2005-05-15,rented
2815715,Canyon,57,9.58,585.29,1994-07-27,available
4320056,Giant,46,4.49,372.06,2003-06-25,rented
7660329,Cdale,50,3.56,1120.07,1971-03-09,broken
7409742,Giant,59,14.09,403.37,1971-04-10,broken
0932071,Canyon,48,4.73,595.29,1973-03-23,broken
2767982,Giant,43,7.27,415.69,1993-03-08,rented
5806063,Cdale,53,8.04,932.59,2002-08-15,available
9235290,Trek,49,9.47,698.53,1978-08-03,broken
4358166,Trek,54,10.47,696.70,1978-01-26,rented
1143293,BMC,54,4.46,865.92,2006-10-15,available
2456389,BMC,43,5.32,851.56,2009-10-01,available
3870620,BMC,47,0.19,798.93,1987-01-26,rented
2582138,Cdale,43,6.79,962.21,1981-06-11,broken
2813302,Giant,47,7.49,455.43,1984-11-15,available
6541629,Canyon,51,7.32,663.17,1981-12-24,available
3633336,Trek,48,7.86,627.35,1992-02-08,available
5459013,Giant,59,13.19,432.89,1981-07-30,available
4355829,Cdale,54,7.48,1019.16,1991-03-20,available
0394269,BMC,59,10.37,925.74,1986-02-21,available
0902382,Canyon,56,4.47,723.05,2004-08-16,available
5228186,Cdale,48,5.40,903.98,2000-06-05,rented
9206493,Cdale,53,6.80,966.62,1995-07-13,broken
3414475,Giant,55,10.06,413.74,1988-05-14,broken
7233936,GT,55,7.18,576.51,1980-05-29,available
6862231,Giant,54,10.76,397.79,2007-02-13,broken
8886027,Trek,59,5.48,692.72,1999-07-31,broken
9834063,Canyon,49,11.51,524.76,1992-04-16,available
8945655,BMC,52,6.03,763.47,1993-03-02,available
2196891,Giant,59,11.85,411.03,1999-05-21,broken
7198075,Canyon,50,4.83,684.72,2005-08-27,broken
0815981,Trek,42,4.75,732.19,1977-05-12,broken
3542778,Trek,47,7.99,789.32,1985-06-25,broken
1959103,Giant,52,8.54,483.18,2009-05-24,rented
5516478,Canyon,45,5.99,650.00,1987-04-10,broken
3136977,Canyon,48,3.97,659.15,1989-06-14,broken
3038253,Trek,53,9.03,730.72,2004-06-14,available
8203875,Canyon,44,8.75,613.00,2002-11-19,rented
8171030,GT,42,5.14,668.71,2004-10-04,available
6862196,Giant,57,9.51,416.52,2008-03-26,available
2367284,Giant,56,6.53,474.73,1988-09-18,available
9311702,Cdale,42,5.80,918.99,1981-06-17,broken
2313361,Cdale,57,5.85,1051.92,1991-05-10,broken
6061435,GT,50,9.78,501.98,1990-07-06,available
3883995,Cdale,52,4.16,1091.88,1978-07-14,broken
0622492,Canyon,53,7.19,633.19,1983-01-20,available
4939252,GT,56,8.32,442.41,1987-09-06,rented
4215092,Trek,45,4.03,655.71,2000-07-29,broken
5880219,GT,43,6.81,563.25,1978-11-04,rented
5248923,Canyon,53,9.09,581.59,1995-12-01,broken
4681842,Trek,54,9.14,679.42,1973-05-07,available
4888372,Canyon,46,6.68,517.78,1990-01-03,available
1737612,Canyon,59,8.62,627.96,1994-01-14,broken
7941932,Trek,59,8.68,586.84,2005-10-04,broken
6299637,Giant,55,12.41,361.37,1975-10-07,broken
6878938,Giant,56,9.53,424.12,1981-12-13,available
2613632,Cdale,52,6.95,851.59,1988-11-29,broken
7634148,Trek,54,7.93,770.11,1976-06-27,broken
2257783,Cdale,55,5.61,1063.10,1991-04-19,available
8521891,BMC,43,2.45,767.60,2004-11-07,rented
3354886,Giant,59,10.92,426.87,1985-05-11,available
2513769,Giant,50,10.66,403.39,2004-07-31,broken
2163310,Trek,47,6.18,882.64,1982-11-08,available
1814449,Canyon,51,6.14,602.48,1982-03-20,available
9229343,Cdale,51,9.68,972.19,2001-09-05,available
4117535,Giant,51,8.37,405.51,1996-11-19,available
0058919,GT,55,6.04,543.28,1973-02-19,available
4189908,Cdale,43,2.47,1118.64,1984-05-25,rented
8241457,Trek,56,5.41,853.81,2006-09-09,rented
1845043,GT,48,10.84,665.74,2002-06-05,broken
8082644,Cdale,42,8.30,901.61,1997-12-04,available
5511896,Giant,56,10.07,414.65,1975-03-13,broken
5677031,Trek,58,5.12,767.63,1978-09-05,available
4403019,GT,57,9.38,635.03,1980-12-16,available
4583253,Cdale,42,5.45,983.12,2007-08-16,available
1807054,GT,58,2.71,604.36,1995-07-12,available
7637395,GT,42,7.62,433.89,1978-12-02,broken
5371138,GT,55,11.48,330.49,1994-07-22,available
5475252,BMC,43,7.07,858.59,1986-05-27,available
0702878,Giant,58,8.41,395.29,1989-08-25,available
3062852,GT,45,10.38,510.56,2006-05-06,broken
8373270,Giant,49,10.54,433.75,1988-03-24,available
5731172,Giant,57,7.92,398.93,1996-05-10,available
6853862,GT,56,7.59,657.56,2001-01-12,available
2349757,Cdale,47,7.40,1036.59,2005-10-17,available
4237845,Trek,46,9.62,676.97,1993-08-06,available
3843721,Cdale,57,2.61,950.69,1985-06-08,broken
3230731,BMC,45,7.68,884.50,1973-12-16,available
5721287,BMC,56,7.00,807.24,1996-07-25,broken
7396127,BMC,47,6.93,862.70,1973-11-04,available
0972431,Giant,45,10.40,452.52,1996-01-26,broken
5563068,Cdale,57,7.28,911.89,2009-03-16,available
7500001,Giant,50,9.75,388.20,1974-12-23,available
8693222,Giant,46,8.73,479.06,1988-10-02,available
3087661,Cdale,53,3.62,1089.80,2008-06-04,available
8051977,BMC,47,5.51,844.01,2007-12-07,available
1542250,Trek,54,4.65,826.87,1988-03-29,available
8162993,Canyon,44,4.58,675.33,2006-06-02,available
3827038,Giant,58,12.17,526.39,1982-01-04,rented
8564511,Trek,43,8.33,771.91,2002-02-11,rented
0108046,Canyon,45,9.45,685.34,2005-02-04,available
5657663,Cdale,56,7.96,949.43,1976-11-13,available
8509696,GT,46,11.55,644.20,1995-12-05,available
5100516,BMC,52,3.97,824.26,1987-09-21,available
1663581,Giant,52,8.95,458.17,1994-08-18,rented
6664834,Cdale,50,5.66,991.40,1978-05-24,broken
9796422,Trek,48,7.21,760.44,1979-07-31,broken
9234690,Canyon,58,9.79,555.92,1992-05-26,broken
5778483,Cdale,54,6.10,1085.47,2003-04-21,available
8888842,GT,46,8.86,423.70,1980-04-13,available
7764215,Cdale,53,2.90,1060.56,1994-12-03,rented
0497604,BMC,54,8.92,833.00,2005-07-16,available
8873179,Cdale,50,3.08,974.34,1975-01-03,broken
3243191,BMC,44,4.84,785.48,2000-02-25,available
8807194,Cdale,55,4.28,923.85,1994-10-29,broken
0107323,Trek,43,10.46,655.48,1990-10-24,broken
7036885,BMC,46,8.48,866.38,1971-02-02,rented
2810406,Trek,56,5.52,609.63,2001-12-20,available
5205770,Giant,46,6.84,453.74,2004-11-15,available
9657232,Cdale,46,7.65,1000.40,2000-12-20,available
8544409,Giant,54,11.57,429.42,1972-02-04,broken
1105347,Giant,47,10.41,431.81,1982-02-03,broken
6184203,Canyon,49,4.28,544.73,1970-04-19,available
3636551,BMC,53,6.08,743.65,1988-03-25,broken
5891637,Cdale,51,1.76,841.34,1992-05-09,broken
6516863,GT,45,6.16,419.78,2008-03-27,rented
5106492,Canyon,46,2.09,674.76,2000-08-26,rented
6386664,GT,50,11.93,606.14,1978-09-11,available
5495333,Cdale,51,5.47,896.92,1997-07-04,broken
2342066,GT,46,10.11,526.90,1976-07-10,rented
2009255,BMC,45,8.51,851.17,1980-09-01,rented
7722404,Canyon,49,4.32,641.21,1980-01-05,available
5519842,Trek,47,6.43,575.71,1986-01-06,available
0292652,GT,55,13.10,530.95,2004-06-03,available
5228227,GT,48,6.37,508.34,1987-01-22,available
0574031,BMC,48,6.50,817.08,1974-11-27,broken
0083943,BMC,56,8.97,820.12,1984-05-16,broken
6105667,Canyon,55,6.85,700.97,1985-10-02,broken
2328102,Cdale,50,1.11,1050.83,2000-05-22,available
6045903,Cdale,53,5.62,1114.25,1978-09-13,broken
8796646,BMC,55,7.01,819.55,2005-07-28,rented
9209786,BMC,47,3.58,804.51,2002-03-07,available
2056116,Trek,44,4.24,501.02,1976-07-09,available
5191795,BMC,46,1.92,807.85,1979-11-30,rented
0903373,Giant,49,12.86,386.07,1978-04-08,broken
2716855,GT,56,6.43,525.21,1979-07-08,broken
5495413,BMC,51,7.08,949.77,2007-12-08,broken
5025005,GT,42,7.03,502.26,1974-03-02,available
9687783,Canyon,48,8.19,611.05,1980-01-03,available
6162028,BMC,56,9.35,788.24,1981-10-19,available
8460827,GT,57,4.63,670.68,1976-07-11,available
9619226,Giant,46,6.08,398.66,1982-08-11,available
1998673,Canyon,43,5.48,668.04,1986-01-14,available
4715092,Giant,49,8.94,516.54,1989-11-03,broken
8829353,GT,54,10.72,458.52,2006-10-07,available
7750142,Canyon,57,12.63,516.71,1981-01-16,broken
4495931,BMC,42,6.38,722.27,1979-05-16,rented
7313797,Trek,59,7.60,679.70,1987-10-07,available
0541277,Cdale,48,5.42,1052.90,2007-05-26,available
2684955,Cdale,47,4.52,1043.66,1987-01-04,available
8650065,Cdale,47,6.76,1041.23,1990-03-30,rented
6223979,Trek,52,10.10,685.29,2002-10-24,broken
1062580,Canyon,59,9.74,718.13,1970-05-01,available
5252446,GT,47,6.77,489.45,1972-12-05,available
3860214,GT,52,11.91,461.10,1984-11-07,available
6639958,Trek,43,1.45,689.07,1975-10-08,available
7610582,Trek,50,7.76,630.04,1992-02-21,available
4932962,Giant,48,6.87,437.57,1974-10-02,rented
6506755,BMC,47,8.33,807.39,1994-08-27,broken
1574720,Cdale,55,5.23,1039.31,1986-12-25,broken
7815784,GT,49,9.89,641.20,1990-07-11,broken
4259806,GT,52,6.38,676.53,1992-04-15,available
5470017,Giant,55,9.10,410.97,1983-07-14,broken
5716034,GT,43,7.96,561.87,1973-06-21,available
1231464,Trek,52,6.95,622.62,1970-09-04,broken
9168500,Cdale,58,4.08,938.43,1970-02-13,broken
5392608,Giant,44,12.04,467.24,1996-03-08,broken
9621025,GT,57,12.91,479.45,1987-09-13,broken
0740090,BMC,45,1.47,875.09,1996-02-29,broken
9539806,Cdale,59,2.33,1148.83,2009-03-31,rented
1140050,Canyon,53,14.79,552.62,1983-10-03,rented
8742313,Canyon,50,4.81,608.48,1997-06-11,available
1905328,Cdale,48,5.93,1038.81,1987-05-30,rented
6850165,Cdale,46,10.74,995.85,1973-11-27,broken
8248954,GT,48,9.83,404.16,1972-06-18,broken
8287537,Cdale,53,6.02,958.51,1998-01-19,available
4897007,Cdale,48,9.32,1010.10,1982-06-29,rented
0413152,Canyon,54,5.76,659.65,2009-10-16,broken
9428689,Trek,44,1.44,795.26,1989-06-20,rented
7239769,Giant,58,11.58,382.54,1993-04-26,broken
7221045,GT,55,7.88,421.84,1980-02-04,available
9674349,BMC,50,7.90,862.60,1991-01-12,available
5316438,GT,51,7.82,516.85,1991-01-10,broken
2815263,BMC,53,13.13,711.57,1998-02-02,broken
2940462,BMC,47,8.48,911.05,1988-10-28,available
6428264,Cdale,48,10.04,876.62,1981-03-10,broken
6566974,BMC,58,7.65,959.96,2008-09-20,available
5750757,Cdale,53,7.19,928.29,1996-10-07,available
6465205,Giant,48,12.69,422.71,1971-02-19,available
1581129,BMC,45,4.37,889.47,1982-06-11,broken
0948256,GT,44,8.55,332.77,1983-07-30,broken
0007565,Cdale,44,4.52,988.40,1998-12-15,broken
6192654,Trek,48,9.70,773.68,1994-05-24,available
9438327,Cdale,52,8.85,988.72,1970-03-13,available
3972313,Canyon,45,6.34,663.52,1976-07-01,available
8075171,Trek,59,10.32,745.64,1980-09-01,broken
1910641,Giant,44,2.69,399.46,2000-12-24,available
9840068,Trek,51,8.19,668.33,2000-11-05,available
0915923,Canyon,42,7.13,525.60,2002-05-13,available
7411951,GT,52,5.51,623.86,1978-04-15,available
0892806,Giant,56,5.93,423.17,1995-12-20,rented
0227119,Trek,48,5.93,575.00,1999-06-12,rented
8246395,Cdale,49,1.09,988.56,1988-08-23,available
6190363,GT,53,7.04,754.26,2003-04-10,broken
9359970,Cdale,49,3.11,1080.41,1988-10-25,broken
7992018,BMC,57,3.40,886.39,1976-06-20,available
0802930,BMC,42,8.23,784.42,1986-08-11,rented
7269869,BMC,53,8.39,843.20,1986-02-08,rented
2185423,Cdale,55,6.71,1062.87,1996-10-25,broken
8176938,GT,49,8.92,555.23,2000-01-04,available
7857226,Trek,53,11.07,757.39,2001-10-14,rented
1440911,Giant,57,6.48,436.02,1997-01-12,broken
6038639,Giant,44,4.19,480.73,1985-03-20,broken
7274834,GT,59,11.34,464.78,1973-11-13,available
9882229,BMC,48,4.28,833.60,1984-10-10,rented
2481006,Canyon,54,5.66,624.88,1978-03-31,available
7672464,Canyon,55,5.64,675.18,1999-10-08,available
1531951,Trek,45,9.01,723.97,1982-10-26,rented
9153548,Giant,48,7.11,415.87,2008-06-19,available
2406092,Trek,50,2.05,681.50,2007-06-18,available
3160579,Canyon,53,6.65,700.68,2005-12-07,available
6349510,GT,51,11.54,458.18,1990-04-28,broken
1372785,GT,43,5.86,499.43,1996-08-21,available
8037245,Giant,57,13.25,368.63,1982-10-20,available
4924606,Trek,54,8.75,528.40,1989-01-06,rented
0759298,BMC,53,5.11,771.99,2007-12-10,rented
5787006,Cdale,42,3.28,1012.22,2004-04-20,rented
8535638,Trek,47,9.01,692.95,1991-02-08,rented
9959303,Giant,50,7.88,436.86,1970-08-02,rented
4125664,Giant,55,8.56,381.70,1995-01-10,rented
6417259,Cdale,51,5.30,893.99,1991-07-21,available
9879857,GT,49,12.11,363.08,1977-08-03,broken
1748857,Cdale,59,10.53,883.81,1989-08-12,broken
4660861,Giant,56,8.87,376.63,1984-06-18,rented
1558704,BMC,55,5.15,763.86,1993-09-10,available
0265026,Giant,56,7.81,446.72,1973-06-16,rented
3217910,Cdale,49,3.41,1098.56,1972-06-20,available
1668012,Canyon,59,8.77,551.60,1983-12-05,broken
7140729,GT,46,9.22,593.55,1981-06-01,broken
0932299,Giant,58,7.83,370.58,1994-10-31,available
5229489,GT,59,10.49,499.88,2005-11-20,available
4959924,BMC,47,6.80,793.29,1972-11-20,broken
6217515,Giant,58,12.65,357.65,1970-08-02,available
1836210,Cdale,46,7.98,923.59,1975-04-03,available
1566291,Trek,43,11.58,644.32,1996-05-17,rented
4877805,Trek,59,3.99,760.60,1997-02-08,broken
0172136,BMC,51,9.01,849.07,1999-07-19,broken
3168719,Cdale,43,13.70,962.64,1974-05-24,rented
2711055,GT,53,2.82,664.07,1982-07-19,available
5405692,Cdale,45,3.22,976.80,1983-07-18,rented
2955665,BMC,54,6.82,801.48,1978-11-08,broken
6781657,GT,54,10.36,612.40,1996-06-01,rented
6812153,BMC,54,7.02,844.51,1984-03-03,rented
7926026,Giant,52,8.99,433.10,2005-10-31,broken
9045397,BMC,54,5.99,776.26,2004-08-10,available
5603799,BMC,53,9.31,814.67,1989-05-04,available
3837650,Canyon,44,7.98,711.59,1995-03-15,available
0376973,Cdale,45,6.19,1044.37,2004-02-22,broken
4231914,GT,42,3.85,620.14,1970-11-04,rented
1502285,Giant,56,10.17,389.07,1976-06-21,broken
8751481,Giant,52,6.92,389.54,1972-03-10,available
1528728,GT,54,12.31,452.48,2009-04-05,available
8155789,Canyon,54,5.73,577.35,1990-09-22,broken
1754572,Trek,45,6.16,449.84,1999-11-19,broken
0298731,Trek,55,11.65,784.86,1996-07-27,available
3680303,Canyon,42,3.67,660.03,1995-10-16,available
5045015,Trek,42,6.19,686.91,2009-02-12,broken
3853336,GT,57,8.98,764.24,2001-02-28,broken
6312028,Canyon,45,6.55,641.42,1992-12-24,rented
9742882,Trek,49,7.38,857.78,1989-01-25,available
6725562,Canyon,44,7.08,602.56,1997-02-13,available
1419605,BMC,54,2.01,908.97,1997-09-01,rented
4764765,Cdale,43,11.26,851.24,1999-02-16,broken
8998414,Trek,58,10.35,660.35,1992-07-22,available
3573626,GT,57,8.10,523.03,2004-01-23,available
3534368,BMC,43,5.53,882.47,1985-06-28,available
5698385,Cdale,53,9.62,906.70,1986-12-11,available
9324770,GT,59,10.00,752.56,1973-11-29,available
1129320,Cdale,43,8.35,938.03,1979-08-30,rented
8181336,BMC,44,2.70,845.27,1975-11-10,rented
6739265,GT,50,7.41,445.59,2003-08-29,broken
2978127,Canyon,49,9.81,676.57,1995-09-18,broken
9618680,GT,52,12.12,392.18,1997-02-23,available
6695498,GT,44,6.27,603.34,1985-02-15,rented
7985887,BMC,51,7.62,821.11,1975-02-20,available
6397989,GT,52,10.50,486.66,2005-01-14,available
7547936,Giant,43,8.29,407.75,1970-08-13,available
2315070,GT,50,9.94,549.15,2009-06-11,available
2529960,Cdale,53,5.24,1073.32,1983-07-27,rented
8044117,Giant,52,9.93,381.45,1973-12-22,rented
0733072,Canyon,58,10.63,588.00,1998-05-10,available
7984734,BMC,58,7.55,791.39,1978-12-19,broken
3841808,BMC,56,6.82,737.37,1989-11-22,available
0377737,BMC,42,5.92,885.42,1985-03-23,broken
9752196,GT,59,8.71,467.80,1981-05-19,available
2083671,BMC,48,3.34,776.78,1979-05-18,available
9916049,Trek,54,5.89,773.10,1998-01-05,available
1630364,GT,44,4.87,491.14,1976-03-29,broken
2461212,Cdale,45,7.34,998.02,2009-11-19,available
6174489,GT,55,12.31,642.28,1994-01-08,broken
9302493,Trek,52,12.68,430.30,1988-06-12,available
0204578,Giant,53,3.43,458.69,1989-05-21,available
7649323,BMC,42,5.24,826.21,2003-04-11,broken
2643803,Canyon,55,5.14,535.05,1990-03-21,available
5281246,Cdale,52,9.68,1003.34,1988-05-29,available
9141380,GT,54,10.29,312.19,1985-11-13,available
0746240,Canyon,43,8.07,695.49,2009-04-10,broken
0281446,Giant,59,10.15,467.95,1972-07-07,rented
5943305,BMC,58,9.51,927.19,1981-08-19,available
3400367,Trek,52,10.79,591.28,2000-04-21,broken
7916191,Cdale,45,4.79,999.37,1981-08-09,available
9648379,Cdale,53,6.18,951.96,1994-06-19,available
5347546,Giant,46,13.96,297.74,2004-01-16,available
0648679,Trek,49,12.21,647.89,2005-12-29,available
6595780,Cdale,51,4.30,939.35,2002-01-02,broken
0973508,Trek,43,4.31,663.86,1999-12-19,broken
9636021,Giant,55,14.69,402.85,1992-03-05,available
3401225,Canyon,55,8.58,626.09,1997-08-16,available
9852716,Giant,49,11.56,426.89,2004-03-22,broken
6761150,BMC,54,3.01,852.36,2008-02-22,available
7079785,GT,49,10.13,668.29,1981-07-29,broken
4053794,Trek,48,4.96,756.28,1997-05-12,broken
0071711,Trek,55,8.34,621.57,1980-09-25,available
1971530,BMC,44,3.56,804.89,1993-11-19,rented
7182526,Canyon,42,2.97,580.14,1983-08-02,broken
0588284,Trek,44,5.78,727.17,1974-09-24,rented
5922268,BMC,51,9.12,890.49,2003-12-12,rented
1610516,Canyon,57,7.12,614.34,1985-03-16,rented
0255274,Canyon,46,6.86,560.09,1999-02-18,broken
9467440,Cdale,45,7.21,942.23,1979-11-25,available
9140718,GT,45,5.92,480.78,1972-02-29,available
2886713,BMC,57,8.97,951.04,1989-10-14,broken
4768309,BMC,48,8.68,824.63,2008-11-19,available
6214537,BMC,48,3.89,755.20,2009-01-23,broken
0786893,BMC,49,7.50,689.67,1993-01-18,broken
2548303,Giant,56,9.00,377.08,2003-02-17,rented
4868889,Giant,56,9.92,433.99,2007-12-07,available
7295115,Giant,57,10.53,440.17,1990-03-16,available
1115214,Trek,51,6.34,761.58,1983-06-03,broken
4376373,BMC,50,4.60,846.29,1975-01-03,available
2554529,Trek,59,6.62,615.66,1971-08-23,available
5105236,Trek,47,9.07,766.33,1996-05-10,available
2578723,Trek,59,7.85,863.23,1987-08-17,broken
0308022,Trek,49,6.83,674.34,1991-12-09,available
0845089,Canyon,56,9.85,454.34,1990-01-22,available
9692590,GT,45,6.40,369.57,1980-10-01,available
5313099,BMC,49,4.08,804.15,1978-02-26,rented
1605421,BMC,56,8.08,841.77,1982-10-09,available
4640848,BMC,50,6.78,826.01,1994-04-17,available
0149655,Giant,50,7.59,447.97,2009-05-06,broken
4118588,GT,47,6.26,446.88,2007-06-25,available
1288964,Cdale,56,8.05,972.02,1989-04-20,broken
8808058,BMC,51,9.93,754.25,1983-02-11,broken
3737835,BMC,55,12.21,805.44,2002-11-28,broken
0234185,BMC,44,7.75,849.74,1973-05-22,available
5826793,BMC,57,3.21,815.50,1994-12-23,available
5662115,Trek,51,9.18,864.51,1987-04-22,available
5011802,GT,42,3.65,466.86,1970-10-20,broken
8750206,BMC,46,9.05,784.27,1992-07-18,available
3720452,Giant,57,10.12,426.05,1997-01-30,available
0508047,Canyon,52,7.82,575.19,1991-06-12,broken
4539431,Giant,56,7.93,444.54,1984-11-15,rented
6497096,Giant,55,10.69,422.11,1970-01-14,broken
4966828,GT,43,11.72,454.51,2003-01-24,available
1591275,Canyon,55,8.91,642.38,1983-09-04,broken
1902094,GT,57,9.99,528.61,1972-04-24,available
8848295,Trek,42,6.18,466.53,1970-10-16,available
8265985,BMC,52,9.10,827.13,1973-06-27,broken
9760192,Trek,54,5.58,730.40,1982-09-22,broken
1462563,Giant,44,9.10,448.03,1995-03-16,broken
4237010,GT,53,9.59,489.49,2003-07-27,broken
8264277,Giant,43,8.68,364.21,2005-10-05,rented
0734246,Cdale,55,7.78,842.87,1994-08-04,broken
8013199,Trek,42,2.88,752.66,1988-10-04,broken
9891584,Trek,56,7.98,905.01,2001-08-14,broken
4968510,Giant,44,9.24,368.86,1989-04-07,available
3164490,Giant,46,10.29,404.13,2007-01-07,broken
9090508,Trek,56,4.38,830.79,1990-12-20,available
7900888,BMC,46,7.05,876.57,1981-03-07,available
6755630,Cdale,51,4.03,966.70,1992-01-17,available
7998642,Cdale,45,7.75,903.86,1993-03-13,broken
1299929,GT,53,5.40,355.24,2003-07-16,available
8935145,Giant,45,7.86,444.38,2006-07-04,broken
1213342,GT,57,11.74,408.92,2005-11-07,available
6763179,Trek,52,9.10,698.30,2005-04-11,broken
8227405,Giant,59,11.18,345.97,2000-12-01,available
6477708,Giant,45,3.57,358.34,1977-01-31,broken
1487148,Canyon,58,8.07,654.37,1983-08-17,available
9417741,BMC,45,8.11,823.30,1986-10-14,broken
2486634,BMC,55,5.29,800.13,2002-04-05,available
9719455,GT,48,7.55,544.34,1982-09-21,available
8061932,GT,47,6.77,553.60,1972-06-03,rented
0056635,Cdale,45,9.93,913.90,1973-08-25,available
6756021,Cdale,54,4.99,839.33,1993-04-06,available
7840272,Cdale,45,7.07,899.54,1970-05-04,available
9957163,Trek,44,4.32,597.81,2002-08-08,available
7271171,Cdale,46,5.69,1038.84,1974-05-16,available
8800107,BMC,56,8.49,919.58,1990-05-10,broken
3111980,Trek,53,11.03,624.98,1996-09-25,available
0604024,Canyon,48,10.67,642.04,1978-01-22,broken
4729593,Cdale,43,2.77,944.38,2002-09-10,available
7991444,BMC,44,5.59,837.18,1978-03-08,rented
0900142,BMC,53,8.63,864.67,1972-12-11,broken
5171865,GT,54,12.52,616.90,1998-07-20,broken
4144434,Trek,58,8.93,692.36,1986-01-09,broken
0361913,Cdale,56,7.82,927.39,1988-09-28,available
2633630,BMC,57,7.08,856.41,1981-04-12,broken
1203614,Canyon,52,8.74,576.19,1978-03-08,available
4190302,GT,55,10.28,364.56,1988-01-02,available
3848553,Canyon,50,8.48,607.59,2006-03-21,broken
8118168,BMC,42,3.80,847.42,1982-10-04,broken
5293254,BMC,57,3.31,825.68,1977-03-10,broken
0190244,Giant,43,12.81,477.20,1977-01-25,broken
4475322,Canyon,53,11.43,596.00,2008-04-11,broken
8043876,Giant,56,7.76,379.86,1984-09-09,available
9961796,Cdale,51,4.85,963.92,1974-08-17,broken
7866845,GT,57,11.16,485.91,2006-01-13,rented
5947405,Cdale,43,5.22,843.73,2007-09-27,available
6524088,Cdale,52,8.55,963.02,1978-03-21,available
7876939,Cdale,54,7.29,963.66,2006-05-02,broken
0219924,Trek,51,6.38,797.97,1977-07-30,available
7136061,GT,50,5.71,500.46,1996-02-29,available
5573726,BMC,42,6.92,690.35,1972-07-16,broken
5252098,Giant,51,5.66,376.22,1974-08-06,available
4046713,Cdale,58,9.53,913.40,1980-03-12,available
8764118,Canyon,59,8.08,599.44,2000-07-12,available
6360582,BMC,58,10.98,838.10,1994-06-25,broken
1509200,Giant,43,8.80,445.92,1974-12-27,broken
3800013,Giant,56,13.45,386.87,1994-07-05,broken
1680327,Canyon,52,6.25,586.15,1980-10-06,available
7407186,BMC,56,12.19,757.71,1988-12-15,available
0187603,Cdale,55,8.93,967.99,1994-05-04,broken
8332697,GT,59,7.75,542.18,1985-05-20,available
6706479,GT,50,6.66,600.03,1980-05-17,available
6348921,Giant,54,10.03,436.44,1999-10-28,available
6276317,BMC,53,4.35,757.75,1992-01-17,broken
8471608,Trek,47,12.45,560.31,1977-12-28,available
4432133,Canyon,42,7.04,559.32,1993-01-03,available
5727496,Giant,56,11.14,431.24,1990-12-30,available
1004655,Cdale,59,2.78,932.29,1982-02-13,available
7072035,Canyon,53,10.90,693.70,1995-09-12,available
5763751,Giant,48,7.48,439.12,2009-07-05,broken
0989251,BMC,46,5.42,725.98,1998-12-17,broken
5264247,Giant,54,10.22,332.70,2009-10-17,available
2259307,Trek,51,7.82,810.01,1980-09-12,broken
2042695,Trek,57,7.10,889.52,1971-05-14,available
1418488,Canyon,42,3.71,579.74,1970-07-05,rented
4063471,Cdale,44,9.09,983.65,1994-02-14,available
7917359,Trek,59,5.73,508.12,1974-06-28,available
4403684,BMC,54,5.32,918.93,1986-05-01,broken
4908132,Canyon,55,5.43,564.89,1996-12-15,broken
0904686,Canyon,52,8.43,625.57,1976-05-29,broken
2561179,Trek,53,9.89,711.44,2000-10-09,available
8669255,Cdale,48,3.29,1054.44,2004-02-28,available
3331693,Giant,56,10.82,486.64,1999-08-05,available
3592914,Canyon,56,10.23,522.10,1985-03-08,available
3381110,Cdale,46,2.53,997.02,1999-05-13,available
4547793,Trek,42,5.99,802.52,1970-11-01,available
6085000,Canyon,49,8.33,644.25,1975-04-13,broken
3762994,Canyon,55,6.48,602.49,1983-12-03,available
9737172,Giant,47,6.34,439.34,1985-06-16,available
2772983,BMC,44,4.02,844.68,1970-03-14,rented
7650450,GT,50,11.82,580.00,1997-12-03,broken
9399207,Cdale,53,10.09,974.95,1995-12-30,available
5583538,BMC,42,10.03,756.94,1990-09-01,broken
9316198,GT,49,10.36,618.95,2001-10-19,broken
3317175,BMC,46,6.86,845.37,2001-04-16,rented
0768984,GT,59,11.82,556.35,2009-08-09,rented
1111659,Trek,51,7.80,640.10,1979-09-18,rented
8410743,Giant,45,10.16,424.47,1972-08-31,rented
0368469,GT,49,8.97,432.06,2006-07-03,available
6935526,BMC,55,9.20,756.63,1984-11-21,rented
1468828,Giant,53,7.49,445.56,1977-07-31,available
8443627,BMC,44,11.56,693.64,1986-11-20,rented
7269384,Canyon,54,8.51,476.66,1984-12-07,available
5435250,GT,52,7.50,724.76,1972-03-01,broken
7257577,GT,59,9.56,592.30,1982-06-04,broken
4639003,Canyon,44,8.47,489.39,1972-01-08,rented
6315783,GT,43,9.88,436.22,1974-03-27,rented
0645313,Canyon,58,11.00,658.08,1971-01-19,broken
9417132,Canyon,57,8.88,539.56,1988-11-04,available
9499561,Canyon,52,11.05,496.52,1983-05-16,broken
7387425,BMC,55,5.14,757.02,1995-09-28,broken
7971286,Canyon,46,5.17,598.72,1987-11-20,available
9023878,BMC,56,6.84,884.15,1993-11-03,broken
2553296,Trek,53,10.88,624.19,1980-06-12,available
6935695,GT,55,13.58,538.91,2006-07-09,available
2102394,Cdale,51,3.21,1037.70,1991-04-18,available
3181212,BMC,46,12.08,766.89,1976-08-15,available
4996016,BMC,47,5.77,846.80,1992-02-26,available
0638240,GT,52,7.61,594.77,1973-10-31,broken
0495875,GT,49,9.96,572.85,2005-03-03,broken
9403559,Giant,44,7.33,472.22,2000-11-17,rented
1714183,Trek,48,6.99,739.78,1978-02-17,rented
5080761,GT,43,10.68,449.80,2009-09-21,available
4864833,Canyon,58,7.48,601.85,1999-10-07,broken
4372277,Trek,49,3.84,839.66,1992-03-10,broken
9774941,Canyon,56,11.50,588.58,1996-01-01,broken
3241562,Cdale,54,4.28,1077.30,1982-12-26,available
5284000,Giant,48,9.89,407.00,1999-03-01,broken
7309266,BMC,53,6.65,789.74,1996-01-31,available
1092066,Canyon,56,13.35,659.49,1975-08-02,available
6773931,BMC,57,7.64,911.89,1995-04-02,available
1510411,Canyon,58,5.12,658.15,1987-06-16,broken
6130409,Trek,53,7.25,905.27,1981-01-10,available
1040289,Trek,47,8.10,869.21,2009-12-10,rented
3964013,BMC,47,2.99,920.66,1991-01-23,rented
4931225,Cdale,43,4.90,973.56,1978-07-30,broken
4793991,Trek,58,9.94,861.17,1999-07-29,broken
9277840,Giant,56,11.51,421.71,1997-05-11,rented
4566494,Trek,59,6.73,693.84,1986-01-17,available
3132414,Cdale,54,6.47,979.51,1988-05-15,available
9779836,BMC,48,11.43,857.29,1992-09-09,rented
6701619,Cdale,50,5.74,1008.61,1972-07-29,rented
9846107,Trek,54,11.72,728.84,1972-06-08,available
7703684,Cdale,43,6.99,1032.68,1979-05-03,available
7021594,GT,52,5.10,668.99,1994-03-25,broken
9228974,GT,51,7.39,536.15,2004-07-03,available
6288578,Trek,58,8.18,723.78,1997-01-03,available
6252037,GT,53,10.31,590.52,1971-01-02,available
7512098,Trek,43,11.74,633.76,1975-12-13,broken
4935493,BMC,42,3.86,804.65,2002-01-06,available
2139524,Trek,59,9.97,612.12,1987-09-05,available
2108276,BMC,45,7.65,831.79,1994-09-09,broken
1318766,Trek,46,9.59,792.82,1996-01-01,available
6578695,Trek,42,6.57,876.98,2002-01-07,available
2888260,Trek,51,4.18,840.64,1989-09-05,available
8076464,BMC,54,3.66,824.93,1993-05-03,available
8465502,Trek,48,10.30,546.35,1973-01-22,broken
0951554,Trek,52,4.98,875.39,1982-10-30,available
0247320,Canyon,52,9.71,518.78,1991-04-10,broken
9887214,Trek,47,8.12,673.77,1985-10-16,broken
0655567,Canyon,58,10.17,573.61,1998-05-24,available
9911610,Giant,49,7.77,418.60,1999-12-14,available
8651967,Trek,49,8.51,913.33,2003-03-31,broken
5036183,Giant,47,9.33,376.92,1983-11-22,rented
4761534,Cdale,48,7.16,904.47,1976-09-26,broken
2063647,Trek,46,7.70,654.11,2007-01-15,rented
1897484,Canyon,44,6.39,696.49,2006-03-30,available
9046803,BMC,45,7.90,715.40,1977-01-31,available
3329369,Canyon,52,9.82,577.88,1997-04-30,rented
2899127,BMC,58,5.94,851.25,2000-05-25,available
4521678,Giant,58,11.84,432.40,1973-01-20,available
0683580,Cdale,45,1.73,1016.79,1997-07-08,rented
1572314,Cdale,42,4.00,1061.21,2007-06-03,broken
9637459,Cdale,43,7.52,1219.09,1972-10-03,broken
2926162,Giant,46,9.20,393.20,2008-03-25,available
0439009,BMC,54,5.02,927.00,2006-06-30,available
2424424,Giant,54,8.30,412.52,1984-05-04,broken
3225443,GT,58,12.71,453.81,1979-08-05,available
0328554,Cdale,52,2.44,876.00,2000-05-22,available
1449100,Cdale,53,6.08,844.44,1978-07-11,available
5782090,BMC,42,4.87,956.17,1987-03-05,broken
6334852,Canyon,54,7.03,550.85,1978-06-25,available
7267546,Giant,43,3.49,508.06,1992-02-17,available
0710924,GT,44,7.76,543.51,1971-07-31,available
2330138,Giant,47,12.83,371.73,2007-01-08,rented
2599628,Trek,56,10.64,463.53,1994-10-12,available
0666262,Trek,48,9.88,769.18,2007-02-10,available
5837861,BMC,52,6.03,929.52,2008-09-02,broken
8161986,Cdale,53,2.37,979.39,1989-08-05,available
3817001,GT,57,10.90,454.13,1984-08-16,rented
0176659,Canyon,59,10.95,668.49,1977-11-27,broken
3498756,Giant,50,11.24,446.22,1997-06-20,broken
6231338,Giant,49,9.28,437.05,1998-10-26,available
1287156,GT,47,7.20,660.98,2006-10-28,broken
3203480,Cdale,50,7.84,973.35,1979-09-26,available
7140433,BMC,47,7.42,723.29,1972-06-01,rented
1323870,Giant,50,9.99,416.47,1982-09-04,available
6531696,Cdale,54,4.32,1136.98,2005-08-26,rented
2496566,Cdale,47,0.96,945.51,1985-03-13,available
4039794,Cdale,58,8.10,1023.87,1980-11-01,broken
2170394,GT,58,4.69,280.30,2001-01-08,available
4506771,BMC,46,5.54,775.25,2006-05-24,available
0515219,BMC,54,6.56,851.86,1992-01-14,rented
8928251,Giant,45,5.59,399.09,2004-08-15,rented
8812594,GT,42,7.52,545.66,1986-09-01,available
8939152,Canyon,52,5.35,642.74,1996-10-23,available
0218523,Giant,42,7.86,317.30,1975-04-06,broken
5797393,Canyon,42,7.09,699.71,1973-07-11,rented
7701369,Canyon,51,9.13,560.55,1979-09-23,available
0798899,Cdale,51,4.76,995.59,2001-05-21,available
4898866,Canyon,49,5.11,621.63,1972-12-11,rented
0566483,Canyon,49,5.02,570.57,1994-08-13,broken
7266079,Giant,48,10.72,502.10,1995-04-19,broken
8087265,Canyon,55,8.52,529.01,1990-01-04,rented
4783324,Trek,48,10.45,679.79,1986-05-30,available
0542551,GT,51,3.36,503.67,1995-06-15,available
0719707,Canyon,51,6.55,610.99,1971-10-16,broken
6012668,Giant,57,11.40,394.09,1996-07-04,broken
2197725,BMC,59,6.27,829.52,1971-08-23,rented
1958888,BMC,48,3.77,894.29,1986-04-17,rented
1524153,Canyon,54,5.80,713.06,1994-06-28,available
2869989,GT,44,4.92,569.05,2002-03-22,broken
5057691,Cdale,50,9.36,979.46,2006-10-07,rented
0024323,Trek,57,10.86,463.16,1997-03-07,broken
0934130,Giant,42,9.42,383.27,2001-03-31,available
9561442,BMC,56,4.89,828.10,2000-04-23,available
9994809,Trek,53,6.93,793.11,2009-06-27,broken
3079191,Cdale,47,5.75,889.81,2001-09-15,broken
9448589,BMC,45,3.60,849.53,1988-05-17,rented
5840541,Cdale,48,5.24,1027.85,2009-09-22,available
8869157,Canyon,47,5.31,539.93,1975-01-12,rented
7276586,Trek,59,10.47,783.13,1988-09-19,broken
7262036,Cdale,42,7.44,980.35,2000-06-03,available
4873329,Giant,47,10.86,399.70,1983-01-21,rented
7668403,Cdale,45,5.95,1063.16,1979-01-03,available
7276692,Trek,52,4.69,643.87,1983-11-29,broken
2282882,Cdale,45,8.47,896.91,2001-06-17,broken
1841870,Canyon,50,6.91,590.22,2000-11-10,available
2515308,Canyon,49,8.62,527.19,2005-03-05,rented
5919612,Canyon,45,3.60,644.85,2009-03-26,available
3910836,BMC,44,4.24,925.44,1984-12-30,rented
9804782,Giant,56,10.70,467.14,1982-06-11,broken
7415002,BMC,43,6.86,873.61,2001-04-26,broken
4470890,BMC,44,5.07,904.25,1979-05-24,rented
7442490,GT,45,7.55,576.51,2006-03-08,available
5679896,Canyon,46,11.07,501.63,2007-11-24,available
9936017,Cdale,57,3.54,1112.69,1993-04-19,rented
7274232,Cdale,47,10.41,834.61,1978-01-25,rented
9107003,Cdale,45,6.94,980.73,1992-03-10,available
6378488,GT,42,9.77,459.64,1987-05-25,available
8373098,BMC,43,2.27,962.21,2008-08-13,available
4990530,Trek,45,8.84,733.26,1972-01-04,available
4975238,BMC,44,3.06,863.14,1996-11-15,rented
4353614,Trek,54,10.14,551.98,1976-01-19,rented
8488226,Canyon,45,6.96,712.05,1981-05-18,rented
4240038,BMC,48,6.40,910.01,1975-02-08,available
3705700,BMC,58,6.28,868.49,2003-04-18,available
0380244,Giant,44,10.05,397.29,2003-05-21,available
3032267,GT,48,7.51,729.34,2002-04-10,broken
4204483,Giant,58,7.70,465.63,1973-06-03,available
5897970,Cdale,54,8.24,947.32,2006-07-13,rented
7493032,Giant,59,10.91,380.49,2007-05-31,broken
1817168,Trek,57,8.69,837.30,1971-07-23,available
5811556,Trek,47,8.65,835.97,1977-07-21,available
3901501,Trek,47,9.81,741.94,1980-07-15,available
5379323,BMC,56,3.66,909.60,1978-04-16,rented
7587749,Giant,45,7.25,424.76,1988-02-24,rented
0751874,Trek,52,5.97,588.04,1985-01-10,broken
