property_id,sqft_hvac,lot_width,lot_depth,age_of_roof,miles_to_school,price
1,4247.5,93.3,180.5,10.2,3.9,713744.38
2,4354.5,95.4,133.1,29.6,1.0,688716.78
3,2088.3,91.1,177.8,2.7,2.2,467686.20
4,2258.8,81.2,115.2,25.4,1.1,419640.16
5,4703.8,93.5,93.9,4.5,2.9,671595.31
6,1698.0,85.6,160.7,6.6,0.7,418981.84
7,3497.5,85.7,137.9,14.0,1.4,598232.81
8,3032.4,84.7,92.6,11.1,4.9,487959.17
9,4043.7,81.7,77.9,3.9,3.4,592387.25
10,4319.6,92.6,85.4,12.5,3.3,608543.71
11,2435.7,81.6,127.9,4.6,3.9,448239.76
12,3891.4,81.6,160.1,3.0,2.5,655417.03
13,3213.0,81.5,82.7,3.6,1.7,518330.28
14,2658.8,94.3,81.0,23.9,2.3,410689.22
15,3940.1,94.1,129.0,23.5,1.1,702530.44
16,3763.2,91.3,85.8,16.5,0.5,623849.82
17,4368.9,92.5,149.5,29.0,0.3,769058.36
18,3505.9,98.9,149.8,3.1,2.4,598638.93
19,2631.3,99.5,128.5,18.8,2.1,448369.22
20,2873.4,86.1,103.9,27.5,0.6,509236.86
21,3292.4,90.9,163.0,13.1,1.8,647137.18
22,1824.9,84.1,153.2,20.4,3.7,372199.09
23,3422.2,82.2,103.7,27.4,2.2,522638.17
24,3317.4,86.2,150.8,9.6,1.4,620155.19
25,4166.7,84.3,142.9,26.0,0.3,722876.09
26,3536.2,84.1,140.7,30.0,1.4,598036.36
27,3550.9,92.2,95.0,16.0,2.6,526246.85
28,2857.2,94.0,151.0,7.1,3.9,548689.02
29,2144.8,80.2,119.0,26.5,3.1,368589.73
30,1707.9,85.5,84.9,3.7,4.1,292158.57
31,2457.8,83.7,143.1,18.3,2.8,441946.60
32,2861.2,80.7,153.5,11.8,4.9,527701.49
33,4548.0,93.6,95.8,15.3,2.2,630731.22
34,3851.8,88.5,97.4,20.0,1.0,632420.31
35,2502.6,85.3,91.7,21.8,3.6,392298.27
36,4180.3,95.7,165.3,20.5,3.0,668041.60
37,2781.5,86.8,143.7,21.7,2.1,520361.37
38,3003.4,89.1,132.5,16.1,0.3,540852.70
39,2700.1,84.6,77.8,16.9,1.5,443173.91
40,3532.2,83.7,122.4,25.1,2.6,584500.16
41,3749.1,98.7,175.7,12.6,2.7,654597.65
42,2387.8,93.0,114.3,29.0,4.5,430272.86
43,1432.7,80.1,111.6,6.5,4.1,302964.83
44,4305.9,98.0,136.2,17.9,3.3,664883.83
45,4526.5,84.3,159.0,4.0,1.0,799462.91
46,2222.8,84.4,72.8,20.1,5.0,364177.30
47,2625.7,100.0,132.3,28.9,4.0,486850.03
48,2525.2,97.6,169.7,16.5,0.6,587479.77
49,3130.6,95.2,92.9,18.9,3.1,465202.34
50,3540.7,95.4,122.5,19.4,1.1,608073.35
51,1440.3,81.0,130.2,22.7,1.4,348486.80
52,2062.3,95.3,145.4,11.6,1.5,449355.55
53,4006.3,97.7,174.8,11.7,3.7,670390.87
54,4399.2,96.0,91.7,28.1,1.9,660495.01
55,3598.6,98.8,101.0,21.0,2.3,586798.88
56,2587.1,98.5,88.3,13.2,4.5,413232.51
57,4075.2,89.0,108.3,27.3,0.8,627110.37
58,2695.2,88.7,149.9,4.6,4.6,462160.47
59,1946.6,97.5,146.1,4.1,1.1,439666.68
60,3339.3,95.4,90.0,1.9,1.3,538686.63
61,3980.5,93.8,133.1,15.3,2.3,668810.99
62,2388.1,100.0,142.5,7.5,4.6,441818.81
63,2227.4,95.3,104.6,18.1,2.2,411379.57
64,3452.1,99.2,177.4,8.8,3.3,613299.73
65,2134.4,94.6,120.9,28.1,0.6,460637.24
66,2720.9,94.1,171.5,23.4,4.2,522455.23
67,2738.2,90.8,180.7,26.7,1.3,563204.55
68,2875.4,86.3,107.5,7.4,4.0,462767.39
69,3307.7,92.2,151.5,7.5,1.9,591810.57
70,4354.1,88.0,90.0,22.0,0.7,646739.20
71,2865.3,80.5,125.8,18.2,4.1,492277.13
72,2947.4,91.9,139.8,26.1,4.1,491860.53
73,2589.6,83.2,113.4,25.7,1.2,470028.76
74,3501.9,85.2,95.3,8.8,2.7,506170.00
75,4430.2,99.8,103.5,1.8,4.6,663050.60
76,2055.8,89.2,91.8,18.9,2.5,354489.13
77,2867.5,89.9,125.2,9.8,1.9,555042.39
78,4550.9,95.6,138.4,18.9,0.3,777316.09
79,3362.3,86.9,130.4,11.8,0.4,579311.61
80,2085.2,90.9,164.8,12.0,2.2,419368.03
81,1662.3,84.9,68.1,27.7,2.6,297568.72
82,2713.0,97.1,83.8,1.6,4.5,429230.81
83,3057.9,94.2,91.0,29.5,2.7,479046.24
84,2156.2,96.4,161.1,29.4,3.0,439145.91
85,2663.0,80.0,90.2,29.7,4.1,425553.86
86,4237.6,82.5,109.8,24.5,4.7,635712.92
87,3295.4,90.0,74.8,27.4,3.3,474677.17
88,1865.6,87.8,146.0,2.9,2.8,365515.89
89,4114.3,99.9,144.1,27.6,4.3,666260.03
90,3332.8,88.9,177.4,22.6,1.9,608761.90
91,3917.8,97.1,129.8,28.3,3.3,622829.73
92,3102.6,96.7,104.6,13.7,2.9,493406.67
93,3790.3,95.3,108.6,3.7,4.0,611073.50
94,4728.7,99.8,127.8,6.7,3.5,724797.39
95,4428.3,94.8,136.9,7.0,4.9,725455.82
96,3543.6,95.9,118.3,18.7,4.9,541572.42
97,2007.2,99.1,141.1,5.7,3.6,423701.47
98,3678.7,81.8,152.8,28.1,3.3,609845.29
99,4643.6,98.8,133.0,15.2,0.6,734995.44
100,2803.8,86.0,71.2,2.8,4.8,411540.43
101,3848.1,94.8,98.5,25.3,3.3,585497.34
102,3261.9,93.5,127.8,12.8,0.8,587665.58
103,3261.5,95.3,160.3,28.5,2.1,600174.47
104,2866.3,89.1,100.4,18.0,1.1,487799.97
105,4008.7,91.8,94.6,13.1,4.1,578016.11
106,2961.7,84.5,79.2,22.0,3.5,430958.42
107,2248.4,84.8,147.4,6.1,1.7,452113.45
108,4452.2,84.0,111.7,13.0,3.6,632059.34
109,4272.2,83.7,69.0,17.5,0.8,639809.50
110,1973.3,89.1,87.7,26.4,1.0,379837.98
111,3087.3,99.3,108.1,1.5,0.6,552000.78
112,4186.1,81.4,140.7,2.5,1.2,707722.97
113,2305.7,97.3,134.0,14.5,1.7,466670.57
114,3018.2,93.2,143.8,22.0,3.0,546931.08
115,4205.3,92.2,175.9,21.9,2.5,677255.02
116,2374.9,83.2,158.8,4.8,0.5,475729.80
117,2024.1,100.0,135.5,1.2,3.5,393449.10
118,3764.9,98.5,138.0,22.5,1.8,703055.95
119,4189.0,95.5,134.0,8.9,3.8,643758.55
120,4529.9,90.0,83.8,14.8,4.5,624338.40
121,3301.8,93.0,169.1,27.9,1.2,670002.84
122,3408.0,91.1,167.5,13.7,2.0,618687.52
123,3000.0,96.5,127.2,26.1,4.6,495462.91
124,3213.3,87.6,75.0,25.5,2.6,477318.40
125,4884.5,96.7,110.8,12.4,3.6,753602.19
126,3091.1,92.3,130.2,24.0,3.1,492440.63
127,3601.3,99.5,140.9,25.5,1.5,694949.43
128,2708.0,96.9,143.7,4.6,3.5,511293.78
129,3371.0,80.2,103.5,20.5,4.8,509888.52
130,2649.5,97.5,165.1,20.3,3.9,508575.93
131,4447.6,83.6,155.8,12.7,3.2,689603.90
132,4137.1,81.9,136.7,11.7,1.5,682211.83
133,2377.2,92.4,155.2,2.5,3.7,487117.54
134,3158.3,92.6,135.3,28.3,2.3,518355.43
135,3391.8,88.0,159.7,4.9,1.1,640219.49
136,1995.3,82.6,144.2,4.5,2.0,413757.17
137,4787.8,94.8,151.8,8.6,3.6,757188.50
138,3966.8,87.7,74.4,29.0,4.2,599197.72
139,2699.5,83.1,73.6,11.5,1.6,475012.78
140,2348.1,93.1,127.0,29.2,1.5,484859.85
141,2771.3,82.6,92.3,19.3,2.2,426476.51
142,4654.3,96.6,145.6,26.4,0.9,756080.98
143,2617.4,91.2,75.0,28.1,4.9,419270.16
144,2986.4,92.3,120.6,17.5,2.2,516354.66
145,2800.4,97.4,115.5,6.9,4.4,466289.82
146,2444.9,99.2,132.4,20.2,2.8,476307.40
147,2449.9,80.8,72.6,20.8,2.7,372045.65
148,2902.6,95.0,139.5,6.2,0.9,574685.37
149,4230.1,90.7,135.8,24.8,0.8,679762.91
150,2661.9,95.9,147.1,20.7,3.0,471378.34
151,2843.3,81.7,132.4,3.4,3.3,477563.89
152,1915.5,95.5,132.5,24.0,3.4,377681.73
153,2734.8,98.2,126.0,10.2,4.6,510537.88
154,2710.3,93.3,81.0,28.8,0.6,465329.95
155,4788.0,93.2,120.5,10.2,2.3,699173.47
156,2016.4,85.3,166.2,11.3,1.9,449391.35
157,3079.3,84.1,167.0,18.5,4.0,528477.56
158,2624.4,86.4,86.0,12.8,2.7,399163.54
159,1883.8,88.4,134.6,23.1,1.8,443592.10
160,2835.7,95.4,186.5,13.3,1.8,597030.03
161,4450.7,96.2,164.1,15.3,3.0,748249.49
162,4142.1,94.6,138.7,17.7,0.5,716937.41
163,3509.1,91.9,178.6,22.1,3.6,614789.62
164,2928.9,88.5,169.6,6.6,3.4,541565.14
165,1573.7,84.6,85.3,4.3,1.5,341370.26
166,2567.4,87.2,135.0,14.9,3.2,454443.84
167,3096.5,99.5,104.2,6.4,1.6,563001.53
168,2325.8,88.2,157.8,28.4,2.8,463426.34
169,4501.0,85.1,135.9,23.5,4.4,705371.99
170,4271.4,83.5,155.5,11.3,3.4,638728.56
171,4331.0,86.8,154.9,23.6,1.2,708704.14
172,2979.5,81.3,72.8,23.6,1.3,497119.80
173,2651.1,82.8,120.0,29.9,2.1,427397.92
174,3995.4,97.2,127.8,12.6,4.3,671819.96
175,2172.7,91.7,177.8,15.9,0.9,535024.87
176,2107.1,83.8,138.0,10.2,1.2,468238.49
177,2027.7,82.0,123.3,7.2,1.7,444819.20
178,1637.2,85.8,113.9,25.9,2.4,332033.18
179,3446.8,86.2,114.4,9.6,1.8,601680.60
180,2599.9,91.9,93.4,3.9,1.0,490087.09
181,3677.6,85.2,160.8,26.1,2.2,637863.38
182,4140.7,87.0,83.4,24.6,3.2,562512.81
183,2951.4,94.2,111.9,23.1,2.3,482049.40
184,2946.5,90.2,172.2,13.7,1.9,589510.83
185,3457.2,98.3,138.6,24.7,4.3,603998.90
186,4080.1,81.9,65.9,20.3,2.0,613595.88
187,3054.6,98.3,160.2,17.7,3.2,545847.09
188,2376.4,99.1,181.5,27.7,3.8,478382.23
189,4062.7,83.9,114.7,19.0,2.4,608600.59
190,4365.6,81.1,114.8,14.3,2.0,667159.12
191,1483.1,81.4,97.1,17.8,3.2,294869.14
192,2497.8,87.5,96.5,13.2,2.3,435907.56
193,2919.7,97.5,184.4,23.0,1.2,649475.69
194,1867.8,93.8,148.0,7.1,2.1,406697.62
195,3530.1,81.4,80.3,28.4,2.2,540742.82
196,3909.0,95.2,93.3,30.0,1.5,658254.55
197,2483.4,96.7,138.3,16.7,3.4,439189.50
198,3678.2,96.5,107.8,18.8,4.4,605211.32
199,2601.2,91.1,96.4,9.5,3.3,417962.72
200,3186.9,89.7,158.5,23.1,1.4,592652.16
201,3660.9,91.5,96.3,17.9,3.5,574800.90
202,4165.3,98.9,114.0,9.1,4.6,665077.61
203,2126.5,86.4,156.2,24.2,1.7,465693.18
204,4160.8,82.7,66.4,30.0,3.8,572617.01
205,4410.6,88.3,135.5,26.4,2.9,643797.34
206,2796.7,86.7,143.9,18.7,2.3,510540.30
207,2398.5,80.1,76.7,9.2,1.7,401957.86
208,3736.0,89.3,160.6,24.8,3.2,661542.76
209,2269.3,94.9,147.8,18.7,1.6,502071.30
210,4160.2,91.9,113.4,10.4,2.9,628022.21
211,3409.2,82.3,97.0,23.5,2.8,499332.35
212,4083.6,99.7,194.7,7.7,2.2,765177.54
213,2962.1,90.9,88.6,27.2,4.9,484386.35
214,1936.5,91.3,114.0,5.5,1.8,434892.17
215,3038.9,98.6,185.6,8.7,2.4,581554.58
216,3394.0,83.9,90.9,11.1,2.9,489587.95
217,3969.6,81.1,136.8,17.8,4.2,638986.66
218,2587.2,96.3,93.3,26.1,1.1,479375.04
219,2596.4,90.0,151.9,22.2,4.1,495652.87
220,2108.5,82.3,153.5,28.3,4.5,415388.04
221,3064.7,86.8,113.5,7.9,2.2,483959.72
222,4343.4,90.0,112.6,18.2,1.6,662062.34
223,3167.6,95.9,173.1,11.9,0.4,609131.35
224,1723.8,86.4,129.4,26.3,1.2,398107.65
225,3363.4,84.2,111.0,25.2,0.4,554465.88
226,3472.8,82.3,131.1,15.6,0.7,607044.40
227,3927.4,91.7,134.2,4.6,2.8,632144.26
228,2835.9,83.2,166.2,20.3,0.7,586870.44
229,3594.9,86.9,130.0,11.5,1.0,644925.21
230,4593.6,91.3,125.3,1.2,0.7,730190.96
231,2309.3,83.8,143.2,3.4,1.1,502674.84
232,4327.0,90.1,133.8,17.5,1.5,713702.41
233,2101.2,88.3,99.9,29.8,3.9,390053.73
234,3903.2,85.6,97.6,6.8,1.0,613864.56
235,2918.2,81.7,138.2,21.6,3.1,495104.29
236,4053.8,94.3,105.3,24.0,3.3,581281.84
237,4087.1,90.2,158.5,10.9,3.7,687632.75
238,2783.9,91.0,157.3,13.0,1.5,545175.76
239,3434.0,83.5,122.6,29.5,3.2,524512.17
240,3802.0,81.6,109.0,26.8,2.7,579894.44
241,4717.3,95.0,183.0,17.3,1.0,837385.42
242,3329.3,95.4,107.1,12.7,2.9,558486.26
243,4130.1,84.9,106.6,7.5,4.5,586783.35
244,4079.1,85.0,134.8,23.8,1.3,696210.64
245,2541.9,86.7,154.3,6.0,1.5,548771.95
246,2808.1,81.5,85.5,23.3,2.3,431267.76
247,4604.0,86.9,157.5,16.0,4.1,754501.67
248,4573.9,92.0,128.6,2.1,1.1,750781.04
249,2383.9,82.1,143.4,12.9,2.5,425152.11
250,2275.2,91.2,170.5,5.1,0.7,518872.28
251,2171.4,83.0,149.9,15.7,2.3,417616.16
252,3421.0,97.9,165.6,28.9,1.0,697362.45
253,3607.0,81.9,115.9,19.2,3.1,533425.42
254,3164.5,96.4,162.1,26.5,3.8,573886.63
255,2433.3,81.7,149.9,21.1,1.7,491903.64
256,4000.0,99.7,162.8,13.6,0.6,739820.80
257,3278.1,95.4,122.1,3.6,0.3,611150.56
258,2438.2,93.0,152.3,27.2,1.1,520135.80
259,4287.5,85.5,157.6,29.0,3.6,677040.08
260,4174.1,98.3,150.8,26.9,3.3,720180.29
261,4444.3,96.0,164.8,9.9,1.4,773719.50
262,2112.3,92.7,95.3,20.5,0.5,434260.82
263,2565.3,87.0,108.2,5.1,3.1,435249.78
264,2861.0,92.1,86.4,27.2,2.2,462072.11
265,3366.9,95.2,142.4,25.0,2.5,560073.43
266,4197.3,85.5,106.3,27.0,4.0,604440.24
267,3118.7,92.2,145.8,26.2,1.8,599628.64
268,3682.2,90.2,96.0,18.5,0.4,611845.41
269,4014.0,96.5,150.3,16.0,0.8,730912.41
270,2940.5,82.3,68.5,1.2,4.7,459264.60
271,1846.0,89.0,140.2,2.0,1.9,421691.97
272,1861.8,94.3,114.3,28.9,2.0,392741.97
273,2372.0,95.1,117.6,26.7,2.3,429211.52
274,2835.8,92.2,83.7,8.4,4.7,441194.65
275,3099.5,98.0,186.6,20.3,2.8,580127.45
276,4536.0,91.8,127.0,23.8,2.9,661872.57
277,4885.5,98.7,193.1,13.9,4.7,819923.98
278,2103.5,93.2,165.4,17.7,2.8,426225.69
279,3711.4,98.8,99.0,17.0,0.5,637232.95
280,1883.9,87.7,78.2,7.1,3.3,326798.26
281,4219.1,90.1,173.8,5.2,0.6,774232.87
282,3122.7,90.2,94.9,13.8,3.6,473768.70
283,4218.9,93.1,130.0,28.8,2.4,669880.96
284,3918.1,98.2,91.4,14.7,0.7,673592.52
285,2627.4,96.7,81.7,4.8,4.5,396952.97
286,3302.3,95.8,190.1,26.5,4.7,590296.20
287,2512.6,92.0,149.3,3.7,2.5,449141.68
288,1655.7,82.2,144.9,28.6,4.9,367359.99
289,3249.2,95.0,134.8,29.3,0.7,633872.17
290,3300.4,85.3,110.1,12.1,1.8,542972.75
291,4066.0,83.4,133.7,4.6,2.5,596771.34
292,4070.7,94.5,166.7,10.0,3.0,671804.33
293,4805.1,99.6,148.8,26.0,0.4,845942.82
294,2731.3,81.4,79.5,25.9,4.5,430314.22
295,3922.8,91.0,134.5,20.4,4.2,641740.34
296,3489.1,80.4,120.2,16.7,1.1,570835.67
297,4024.6,94.1,166.7,17.4,3.0,641268.71
298,2401.5,98.8,142.0,25.9,0.3,522591.66
299,4630.5,90.3,110.0,25.3,3.1,702704.53
300,4779.2,99.9,102.8,18.4,3.1,710696.49
301,2256.5,91.2,159.8,17.4,4.1,457509.66
302,3461.5,86.3,170.0,16.6,3.6,587943.02
303,2637.3,98.2,190.3,20.7,3.5,520507.64
304,4617.9,96.0,169.7,23.3,1.7,835724.18
305,4315.4,90.3,169.9,6.0,1.4,741784.55
306,4793.7,95.1,177.5,28.1,2.5,824444.52
307,3466.6,90.6,143.3,27.2,4.7,609728.71
308,3133.9,92.0,121.9,9.6,4.1,525342.10
309,2956.7,97.8,78.6,7.9,1.2,534723.13
310,4157.3,87.1,86.6,2.8,1.4,650821.71
311,2229.7,91.3,113.1,21.6,1.7,458194.64
312,2504.5,85.8,131.4,23.2,3.0,434544.90
313,4016.7,80.8,73.6,18.3,3.3,556628.85
314,3642.8,90.5,83.9,9.6,2.3,515511.48
315,3542.8,95.2,184.1,15.7,4.6,617652.18
316,1490.8,82.0,92.0,22.3,0.4,340992.19
317,3692.3,84.7,121.9,6.0,3.1,601557.02
318,3791.0,96.2,129.3,7.0,2.2,601840.27
319,4004.8,99.4,169.7,11.6,4.6,665376.49
320,4100.2,89.6,87.2,23.6,3.1,604114.85
321,4061.9,95.9,149.2,7.1,3.1,700802.07
322,4750.7,97.1,81.4,24.8,4.9,708335.89
323,3935.0,87.1,139.9,18.3,3.5,606185.81
324,4495.4,95.9,114.0,23.3,3.5,663127.43
325,2066.2,86.1,99.3,10.0,4.5,379574.03
326,3271.7,97.8,102.3,8.4,3.4,539126.41
327,2090.3,82.1,103.9,16.2,1.4,419294.77
328,3878.3,81.1,124.1,21.4,4.9,597871.84
329,3594.1,92.1,91.3,29.0,1.7,620016.44
330,4039.6,96.9,193.5,18.1,4.6,685435.65
331,4326.6,88.8,140.5,2.9,4.7,657063.01
332,3243.1,92.7,108.3,6.3,1.7,550986.38
333,2618.5,89.4,165.4,22.5,2.3,472738.71
334,2410.6,87.3,114.6,16.1,2.3,434221.03
335,3150.6,83.3,142.9,8.3,2.1,539374.18
336,2419.7,88.8,97.6,9.0,2.1,406990.73
337,3957.4,94.8,144.4,23.1,4.6,619159.63
338,1925.0,90.7,121.8,4.7,4.7,393278.90
339,4389.6,94.6,156.1,18.4,3.1,710693.64
340,1974.8,89.2,136.1,13.3,2.9,398983.76
341,2916.5,95.5,162.2,20.7,4.3,542191.69
342,3095.0,97.0,134.4,8.5,0.7,559994.28
343,3275.5,95.8,97.5,2.0,4.6,505862.24
344,2250.9,97.1,94.5,5.4,1.7,463949.18
345,1781.2,89.7,178.2,22.9,1.0,441950.54
346,3377.2,89.0,85.8,26.4,1.6,581878.14
347,3863.7,81.4,75.9,28.7,3.6,542363.93
348,4330.8,83.2,81.9,7.0,3.6,605271.12
349,1865.1,88.3,80.9,3.4,4.1,331675.34
350,3303.6,98.6,102.8,18.2,3.7,508361.20
351,3708.6,98.1,186.3,4.8,2.0,705238.78
352,2619.6,92.6,145.8,22.7,0.4,536308.67
353,3889.6,92.4,93.1,12.8,4.9,603281.82
354,1715.9,81.8,119.0,20.5,2.2,330361.05
355,2869.6,96.2,184.7,22.9,0.8,599669.73
356,2222.9,82.0,109.0,27.1,4.0,369959.43
357,3500.0,86.4,119.1,6.3,2.3,576768.16
358,3383.5,91.5,176.3,9.3,4.9,572647.84
359,2339.4,98.5,181.3,11.8,4.8,472884.76
360,3246.5,91.0,112.1,25.9,4.9,506959.81
361,2050.1,90.7,109.9,3.4,1.0,441975.42
362,2197.3,89.8,101.6,7.4,3.1,387139.94
363,2537.2,90.7,100.6,8.5,3.8,402508.39
364,3524.5,80.5,97.9,3.2,1.9,570648.58
365,4479.1,94.3,182.7,10.6,3.4,777468.47
366,3589.7,96.5,190.0,15.6,4.8,688675.52
367,3736.2,93.7,171.7,9.0,2.0,615515.52
368,2715.0,94.6,97.4,26.7,1.1,499158.00
369,4459.5,89.3,107.0,25.3,2.1,656985.61
370,4402.0,96.8,174.4,4.7,3.3,721310.49
371,2014.7,90.0,165.9,15.8,2.0,421846.64
372,2252.0,92.4,76.5,2.3,2.9,346648.86
373,3689.6,81.9,72.3,10.0,4.3,513021.06
374,4615.6,88.3,71.4,15.5,0.3,665384.69
375,1949.1,90.0,149.8,23.5,1.8,428061.44
376,3982.2,89.8,144.0,22.1,1.1,651906.93
377,3223.4,98.9,168.0,12.0,2.7,572292.29
378,4389.0,99.1,166.0,5.8,2.8,692140.05
379,2784.0,99.8,94.4,4.1,2.0,507590.95
380,3463.8,89.8,85.2,18.4,0.9,557709.00
381,3994.2,94.2,176.6,6.7,3.0,643770.35
382,3592.7,83.5,156.7,24.0,2.7,611647.88
383,4037.9,92.0,150.1,26.6,2.7,644684.46
384,2320.4,89.3,155.8,24.7,0.5,530602.00
385,3419.5,97.4,90.5,4.8,3.2,540294.33
386,2482.0,98.2,106.9,20.2,0.6,460827.58
387,4097.6,89.3,93.8,27.2,1.0,670241.82
388,4597.8,88.9,138.2,22.3,2.4,684186.64
389,4330.7,93.1,78.7,8.8,4.8,632709.47
390,3461.0,91.1,163.7,26.3,1.2,684379.52
391,2186.5,84.8,140.4,27.6,2.9,394570.94
392,3724.3,81.2,75.4,4.1,5.0,505822.43
393,4029.7,85.4,89.3,9.8,4.9,613545.80
394,4598.4,91.2,125.3,19.1,1.4,720759.16
395,3714.6,99.6,117.7,13.8,0.3,663301.54
396,2026.0,98.2,105.2,3.0,1.4,433931.59
397,3271.8,96.0,179.0,20.7,1.4,633023.60
398,3966.8,95.7,162.8,22.8,2.7,655075.14
399,2282.3,81.1,145.7,1.8,3.9,409549.24
400,3198.5,85.4,162.0,13.9,4.3,571916.17
401,4364.7,98.5,179.9,17.0,1.5,821049.67
402,1870.3,94.6,126.3,27.6,0.9,438542.31
403,3429.3,92.6,134.4,13.9,3.1,581082.25
404,2820.2,95.7,108.1,20.9,0.6,542008.13
405,1934.3,88.4,111.3,23.8,0.5,410930.28
406,3021.1,90.7,140.0,19.6,1.5,595962.69
407,1982.4,82.1,142.1,22.5,1.0,438586.10
408,3021.2,80.2,100.9,3.6,0.4,539393.87
409,2762.9,96.5,160.3,27.7,2.7,551024.16
410,3747.5,82.2,147.3,6.8,2.5,634883.19
411,1959.5,83.4,142.3,27.7,0.9,443658.33
412,3830.7,88.1,83.6,28.3,4.6,550764.18
413,2443.3,82.8,97.0,15.6,1.8,458475.25
414,3711.7,91.4,147.0,19.9,2.2,601955.60
415,2460.7,94.4,148.1,15.2,3.6,462086.04
416,2571.6,95.3,152.4,10.6,3.4,480892.70
417,2101.0,81.7,106.2,29.4,4.5,365775.72
418,4420.6,85.0,140.6,28.4,0.7,758178.56
419,3191.4,82.0,150.9,10.6,2.5,549918.46
420,4053.4,99.6,148.7,12.7,0.7,729049.92
421,1842.0,87.6,132.4,10.7,2.8,370843.74
422,1871.8,91.2,148.5,18.6,2.3,401832.79
423,3981.6,92.2,82.8,6.2,3.4,549309.19
424,3815.8,81.2,75.6,13.1,3.7,517049.08
425,4265.3,92.6,158.1,1.1,3.9,678663.82
426,3339.2,82.6,150.5,8.4,4.6,550361.16
427,2839.2,98.4,125.0,7.9,3.7,500393.47
428,3801.2,86.5,165.5,16.9,3.2,655242.60
429,2683.3,93.5,110.6,13.7,4.9,463480.80
430,1931.6,80.0,133.1,15.1,1.1,441406.48
431,4014.5,83.5,156.8,16.3,0.4,654975.64
432,4430.4,93.0,88.8,3.7,3.9,605032.80
433,3312.8,96.3,145.5,22.0,4.2,542120.56
434,4312.0,89.9,134.3,25.5,2.0,683953.21
435,2918.4,94.9,141.8,6.7,4.7,548948.59
436,3368.8,93.6,79.8,2.2,2.9,479760.39
437,1856.3,83.0,143.1,17.5,3.8,358156.81
438,4036.2,88.5,73.0,9.2,1.0,591959.43
439,3488.8,89.2,178.2,24.6,1.6,651684.24
440,1570.1,80.5,89.9,6.9,3.4,276030.83
441,1927.1,88.2,138.2,18.5,4.6,382529.29
442,3102.5,90.6,73.0,2.9,3.4,473306.95
443,3160.7,94.4,141.9,29.9,1.6,569317.54
444,2234.4,86.9,69.6,29.3,3.1,345498.24
445,3417.3,91.8,140.2,29.1,4.5,543680.16
446,4120.1,91.2,143.3,28.3,3.2,653397.51
447,2300.5,81.3,112.4,17.4,3.1,390302.12
448,2769.5,95.9,153.1,13.5,5.0,500350.29
449,2850.1,95.8,81.4,7.4,4.6,460009.21
450,4118.8,84.8,101.4,7.3,1.7,647436.57
451,4050.6,99.1,189.3,16.8,2.0,699991.54
452,3132.5,90.6,100.8,1.1,3.6,471310.21
453,1982.7,88.9,157.0,18.7,0.5,450277.97
454,1726.9,88.2,162.0,29.7,1.1,438265.49
455,3373.5,92.1,151.1,24.5,2.6,581245.71
456,2212.9,93.9,95.4,5.6,3.9,405750.06
457,3184.0,95.2,129.2,2.4,1.8,566114.21
458,1802.8,93.2,136.0,15.0,0.3,449699.84
459,3123.1,86.3,125.6,29.2,1.1,577397.36
460,4126.5,93.2,145.6,18.8,2.0,701303.72
461,2629.2,97.8,166.5,15.5,1.0,540383.18
462,3792.0,93.7,125.1,19.3,4.6,609033.15
463,2374.6,99.7,141.2,4.6,4.4,476728.23
464,2628.3,82.5,134.0,6.9,0.4,536312.71
465,2632.4,93.3,105.0,15.7,0.8,502030.37
466,3574.2,95.8,112.8,7.3,2.0,636149.71
467,4050.9,86.0,93.1,14.8,2.6,583857.09
468,4211.5,89.7,133.4,18.5,4.4,682695.05
469,4132.6,81.2,137.6,27.9,0.5,698444.07
470,2340.5,86.7,79.1,1.6,0.4,438737.98
471,2076.0,97.5,115.1,29.7,1.6,463843.95
472,3797.8,89.0,146.7,22.4,2.0,641540.15
473,3515.5,93.7,179.4,8.8,2.1,592853.70
474,4258.0,99.7,102.5,4.2,2.6,642910.03
475,3749.3,85.9,112.6,22.7,4.2,589496.94
476,2631.0,84.8,98.7,8.5,0.4,459765.97
477,3121.0,80.2,153.9,8.5,1.4,610405.40
478,4394.7,85.3,78.9,2.5,4.0,617347.01
479,1893.5,89.1,107.0,2.0,3.0,364940.68
480,2759.2,88.9,146.0,29.9,0.8,562742.73
481,1698.8,85.1,157.2,19.8,1.1,412017.65
482,2190.7,91.9,93.6,24.1,1.0,429399.68
483,2509.7,83.5,139.5,9.0,0.4,511792.57
484,3599.7,85.9,166.1,12.3,1.6,676517.41
485,3784.2,90.7,151.2,15.8,1.2,652679.68
486,2660.2,94.1,127.9,8.6,1.4,510752.73
487,4760.2,97.7,96.1,17.1,1.5,712228.46
488,4571.7,90.1,142.9,16.0,2.9,715058.55
489,3024.0,81.8,149.6,20.7,4.8,538089.64
490,4422.8,87.7,83.7,8.2,4.8,598377.19
491,3794.9,81.0,152.5,10.6,4.0,606484.42
492,2084.9,99.9,111.2,2.6,4.7,399085.61
493,4690.1,91.1,164.9,13.3,1.1,770362.73
494,3243.2,85.7,119.8,16.5,0.5,563023.20
495,3311.8,90.1,112.8,19.2,2.0,574773.98
496,3508.6,97.3,176.8,14.4,1.5,711782.05
497,3739.0,87.7,124.4,8.7,3.7,576434.72
498,4598.0,96.7,114.2,8.9,0.9,731217.12
499,4327.3,80.6,128.1,22.5,3.7,615693.30
500,4410.9,91.1,80.2,8.0,3.2,618198.94
501,2740.1,96.6,124.2,23.2,0.9,507303.52
502,3749.6,91.6,132.3,9.1,1.2,684774.63
503,2626.4,92.7,95.4,25.6,3.3,412257.14
504,4286.4,81.9,113.8,26.6,4.5,667242.10
505,1835.7,88.0,81.8,28.5,2.8,335241.90
506,2664.7,96.8,98.7,25.1,2.8,469407.15
507,3709.7,90.1,142.7,20.0,4.3,574965.16
508,3350.1,85.6,102.5,12.9,2.1,549235.80
509,3958.9,90.1,117.9,17.3,4.4,640190.74
510,2909.1,87.7,123.4,2.3,4.5,459297.66
511,4692.0,91.2,73.3,29.7,1.2,729458.11
512,4253.0,82.9,161.4,2.8,4.5,694590.16
513,4415.5,81.0,105.2,2.3,0.8,671216.20
514,2816.4,88.0,163.3,3.6,1.3,562740.87
515,2989.5,83.4,130.9,26.7,0.6,519628.05
516,2387.2,82.0,147.4,7.0,4.0,460926.79
517,4336.1,89.2,72.6,5.3,4.7,608784.95
518,3077.2,81.4,158.2,16.5,4.6,548504.43
519,3826.4,86.9,138.4,29.6,0.9,628291.58
520,2183.2,94.5,96.6,21.7,1.8,436952.45
521,4499.4,99.9,152.7,6.0,4.0,730583.67
522,2198.1,99.0,116.3,9.8,1.0,436453.01
523,2666.9,88.3,76.2,1.6,3.1,420658.18
524,3183.4,85.2,131.7,28.8,4.2,518492.54
525,3458.0,83.1,97.8,20.6,3.6,499603.10
526,2206.5,86.1,141.6,3.3,2.2,425551.83
527,2125.3,97.2,79.7,2.5,2.1,344633.10
528,3809.2,86.1,120.2,1.8,2.8,601292.03
529,2428.3,88.9,162.1,5.4,2.1,464419.08
530,2941.3,88.3,161.8,20.3,3.0,509162.98
531,2847.1,92.2,126.3,6.5,4.4,489564.66
532,3909.9,84.1,68.2,10.5,2.2,533842.01
533,2947.5,85.8,142.0,27.8,3.8,490199.37
534,2419.9,99.1,124.8,23.2,2.4,469582.75
535,2702.5,90.8,105.4,7.6,1.7,505525.32
536,2796.8,82.6,153.4,18.3,3.4,466360.66
537,3615.4,82.1,116.5,13.3,4.6,583357.43
538,4084.5,98.2,134.5,30.0,4.0,660487.72
539,4395.7,88.3,94.0,17.9,3.4,656861.02
540,4268.0,86.4,70.2,27.9,1.7,653054.76
541,3540.8,80.5,102.8,20.3,5.0,517699.68
542,1692.0,85.4,92.0,21.7,1.7,338978.36
543,4057.5,92.7,77.8,14.0,4.1,555668.23
544,2413.3,99.1,193.9,20.2,0.5,572954.19
545,3778.2,98.9,107.3,4.2,0.5,605896.76
546,3738.6,92.1,79.3,3.5,4.7,540617.66
547,3753.4,94.9,135.5,17.4,4.7,578878.44
548,4173.4,89.0,175.7,20.2,1.3,778411.51
549,3053.5,89.4,81.7,28.2,1.3,496623.42
550,3017.0,89.7,152.9,9.6,1.0,550606.35
551,3305.6,86.8,173.1,19.0,3.2,584346.52
552,4247.0,81.4,98.3,26.6,3.4,608021.02
553,3896.5,82.4,138.6,23.1,2.6,599956.96
554,3493.8,82.1,104.7,5.1,1.1,564159.71
555,2951.6,91.3,119.4,2.7,2.7,507616.93
556,2145.9,98.5,124.1,6.2,1.0,459590.82
557,3147.6,90.4,151.0,5.0,3.7,562254.23
558,4164.4,80.2,141.2,1.1,1.8,689671.03
559,2977.0,93.5,143.7,26.5,3.2,508582.73
560,2643.0,88.4,81.8,3.6,0.6,480963.73
561,2414.1,96.9,113.4,12.0,1.1,476187.22
562,3456.2,91.4,125.4,13.0,1.8,589760.58
563,4043.7,87.4,98.3,22.0,3.9,606335.07
564,4564.6,99.5,124.8,28.9,1.1,743521.73
565,3701.2,88.9,164.0,8.0,2.7,613668.58
566,4061.3,80.1,95.3,22.2,4.1,609997.51
567,2555.2,83.3,129.8,20.7,2.9,450266.77
568,3111.8,80.2,124.4,3.6,1.7,552727.90
569,2181.6,87.8,98.3,23.8,4.4,398082.85
570,4793.6,97.0,184.7,29.3,1.7,850392.23
571,4225.9,83.8,114.9,19.6,0.6,667944.34
572,2848.8,88.5,94.2,8.4,0.8,506298.29
573,1698.9,80.5,152.3,9.0,1.6,392493.37
574,4556.9,98.6,119.6,28.9,3.2,711552.44
575,1849.4,90.8,152.6,15.0,1.2,436855.02
576,3288.7,84.1,72.5,3.8,3.9,503612.06
577,3763.4,99.0,166.0,29.7,3.9,621882.69
578,3500.5,82.8,149.2,29.7,3.3,544302.86
579,2131.8,87.9,107.1,16.0,3.0,359301.49
580,2506.4,85.0,144.5,5.4,4.8,481733.03
581,2393.0,81.1,87.4,22.2,2.1,376576.14
582,3954.7,90.1,77.0,4.9,1.4,652926.32
583,3827.8,82.6,102.3,20.4,4.9,597902.07
584,3461.3,86.8,70.8,8.6,4.8,510992.32
585,4097.2,80.8,157.1,24.9,0.9,695972.50
586,3550.0,85.9,87.4,22.3,2.2,519078.75
587,3904.9,93.0,143.9,21.6,4.6,632980.29
588,3456.1,81.8,109.2,23.7,3.3,541412.45
589,2904.0,81.5,75.5,16.0,2.2,426089.82
590,3787.9,97.7,192.3,3.3,4.0,687098.96
591,3396.2,99.2,148.8,23.5,4.8,613804.93
592,2148.7,88.6,176.1,15.4,0.6,478559.79
593,2434.0,93.1,157.5,18.2,2.2,497949.77
594,2976.8,99.1,138.1,29.9,1.3,599464.30
595,4455.6,90.9,175.5,9.9,3.5,719673.20
596,2230.5,83.4,163.7,17.4,1.6,486733.04
597,2870.8,82.9,117.5,8.1,4.5,471026.87
598,4133.3,95.1,112.8,22.4,2.6,622145.63
599,3758.8,81.9,92.5,3.7,4.0,536698.40
600,4421.9,98.5,195.1,7.5,2.4,721250.37
601,3083.2,98.3,190.1,24.3,4.2,620031.04
602,2105.5,98.7,122.3,18.2,4.5,395949.78
603,4515.2,88.4,102.1,14.8,1.6,703203.74
604,3820.2,82.4,111.7,28.4,3.6,612052.67
605,4011.8,81.6,153.8,4.5,3.4,603119.06
606,2692.6,89.7,160.4,20.3,4.6,513913.05
607,4177.1,90.0,106.5,11.1,4.2,602033.65
608,2253.0,93.9,175.6,17.9,1.4,504286.14
609,2343.0,91.2,180.9,24.2,3.6,481791.33
610,2653.2,93.5,159.6,8.4,4.5,484886.85
611,2956.8,81.5,135.3,19.4,2.7,481380.44
612,2394.7,85.9,78.9,1.8,3.2,372563.78
613,4561.3,92.5,136.8,10.2,3.2,734452.84
614,3279.3,86.7,104.1,21.7,2.3,525052.69
615,4460.6,88.5,160.5,6.1,5.0,749076.84
616,2764.6,89.7,138.7,16.1,3.7,505459.90
617,3659.8,94.0,154.0,2.5,4.1,652133.84
618,1617.5,82.5,150.8,5.2,1.2,409581.36
619,4330.2,93.7,182.4,2.8,3.7,732722.44
620,2450.9,96.7,130.8,24.9,0.6,485586.52
621,3984.4,88.1,142.3,17.5,2.4,631382.94
622,4289.8,85.4,128.3,18.5,2.5,626701.49
623,3438.2,95.4,138.5,10.5,4.3,545095.69
624,4066.5,93.7,131.5,15.0,2.6,656503.43
625,4146.3,91.0,172.5,19.5,4.9,655939.97
626,2461.1,91.5,78.4,4.7,5.0,377720.36
627,2623.0,93.2,104.8,3.0,1.0,487111.97
628,3717.0,84.6,81.8,9.7,3.1,561255.05
629,4003.9,97.8,133.6,6.0,1.1,724611.41
630,4743.5,93.8,98.7,24.9,3.4,655264.28
631,2168.2,84.3,147.8,22.8,3.8,423751.73
632,3839.3,88.4,118.0,6.4,1.0,619568.31
633,3675.2,93.6,172.3,4.3,1.9,659509.41
634,2559.0,89.2,94.0,19.2,4.2,444398.53
635,3552.1,99.3,116.1,7.2,2.4,589778.16
636,4853.1,99.0,99.7,17.7,1.6,719863.93
637,4671.9,100.0,171.3,10.1,5.0,761188.80
638,4365.0,99.4,182.7,24.0,1.3,773007.21
639,1771.9,90.2,101.4,12.7,2.9,316884.12
640,2629.6,80.1,119.7,19.6,3.4,443817.66
641,4471.8,84.9,96.2,2.7,3.8,616512.42
642,2486.3,99.9,80.6,4.5,4.6,385991.93
643,3034.7,98.9,170.6,4.8,3.6,592535.32
644,2060.1,82.0,155.6,26.1,4.6,413441.01
645,4829.9,96.3,155.7,10.5,3.1,775687.69
646,3921.1,84.4,167.2,10.5,0.6,690658.26
647,4404.3,98.0,159.5,14.1,4.6,683993.81
648,4647.6,96.2,175.3,25.1,0.3,774112.16
649,3727.4,90.6,172.9,10.9,4.9,613669.21
650,3017.5,90.6,139.4,5.8,1.9,540558.50
651,1890.3,87.1,124.2,5.2,0.4,419007.46
652,3501.8,87.0,142.2,4.7,4.4,562764.67
653,3540.1,96.7,127.1,24.1,0.3,654686.66
654,2168.8,93.1,87.1,1.3,4.0,380136.19
655,3136.2,84.5,137.2,5.8,2.8,554904.48
656,4108.3,93.0,116.3,19.8,2.9,621261.40
657,1651.1,88.1,171.5,19.3,0.5,434912.49
658,3308.8,84.1,130.9,23.6,1.2,567183.25
659,2413.5,95.6,111.3,4.7,3.6,432192.57
660,4251.3,90.1,168.0,16.4,4.9,705543.53
661,3248.6,84.1,139.7,3.7,1.9,593860.77
662,2162.3,88.1,156.6,27.0,4.4,446089.69
663,1881.2,81.3,147.1,1.9,1.1,419195.19
664,4071.9,92.2,112.1,10.2,3.7,601066.09
665,1900.4,83.4,143.7,17.1,1.0,409782.99
666,4345.5,86.4,69.7,24.2,2.4,572805.35
667,2903.4,96.4,173.7,10.5,0.9,568503.79
668,3003.6,92.8,103.5,14.3,3.3,484796.54
669,4518.6,89.3,76.1,24.3,2.1,637985.92
670,2675.8,94.5,136.8,20.5,3.8,464817.83
671,4551.8,90.1,167.8,14.7,2.8,741886.90
672,2651.6,92.5,159.0,23.2,2.7,477495.17
673,2754.6,89.7,147.0,4.7,0.5,525084.59
674,3030.0,93.0,94.6,22.9,3.8,460793.26
675,3535.6,90.6,108.1,11.1,1.3,632106.74
676,3102.9,93.6,109.3,17.2,4.7,504677.23
677,3224.3,91.2,76.5,25.4,3.3,498566.54
678,3294.8,89.2,120.1,11.7,1.8,577889.93
679,4587.8,91.8,156.9,3.9,2.0,744656.81
680,2743.0,83.4,120.2,23.3,3.2,440836.36
681,4215.2,87.2,137.3,10.1,3.0,668199.22
682,2639.7,80.6,65.5,28.3,3.1,374240.00
683,2536.3,81.1,109.8,3.2,3.3,443813.32
684,3804.2,82.8,68.9,12.0,0.9,608319.70
685,1845.4,83.7,165.2,18.8,2.3,383472.73
686,3690.9,99.4,132.9,24.5,2.6,597448.06
687,3251.2,83.3,139.5,13.4,3.9,537848.13
688,3945.3,98.8,82.9,12.4,1.4,657058.72
689,3116.8,92.2,78.0,3.8,3.3,453936.61
690,3569.4,96.3,94.8,8.9,3.5,554975.19
691,2614.8,80.1,143.7,23.5,4.4,442015.33
692,2012.8,85.5,83.0,6.0,1.1,388817.27
693,2102.2,97.5,101.3,14.7,0.3,406227.48
694,4480.7,100.0,119.9,3.4,3.7,723245.21
695,1991.9,94.0,170.6,3.2,1.4,484915.78
696,1907.2,96.0,175.7,25.1,3.0,424837.54
697,2149.8,84.3,71.9,26.9,3.2,337541.50
698,3042.2,98.4,92.8,11.6,4.8,512487.03
699,1533.7,80.1,159.8,12.4,4.9,350989.25
700,3836.7,94.0,125.9,13.5,4.8,632926.19
701,3401.5,99.5,93.0,6.3,4.6,534946.03
702,4311.3,84.5,94.7,29.6,2.0,662194.99
703,2851.7,83.7,151.5,17.5,4.5,506646.95
704,2300.7,95.1,180.1,20.4,2.6,513519.38
705,2779.6,81.1,134.7,1.9,1.8,551261.88
706,3953.3,87.6,108.3,7.2,3.0,571135.66
707,4432.1,81.1,120.3,22.1,0.9,748299.61
708,4128.1,90.5,168.4,14.6,0.3,752435.85
709,3244.1,84.4,143.7,25.8,4.2,532553.13
710,3389.9,95.4,163.9,26.5,3.4,565888.30
711,2681.0,80.8,107.0,22.3,2.9,417632.12
712,4079.7,81.6,90.1,16.2,4.4,615672.14
713,3566.9,99.6,176.1,7.3,3.2,623177.96
714,4857.2,98.1,151.1,8.2,1.7,797381.33
715,3449.7,87.6,82.9,10.9,1.1,532935.72
716,1895.6,91.9,78.3,6.0,3.1,331583.50
717,2786.7,88.5,109.0,17.0,3.4,481109.23
718,3652.8,81.4,152.1,15.8,4.7,611933.65
719,2494.4,81.3,142.3,8.8,2.2,447807.50
720,2126.7,98.1,87.7,20.8,0.4,407927.34
721,2357.1,97.0,141.0,2.9,4.9,463277.66
722,4203.3,97.5,111.5,22.6,4.6,657969.30
723,2813.1,93.4,162.2,22.0,1.4,553297.96
724,4052.8,90.2,138.9,1.9,1.4,707079.91
725,2645.9,93.0,92.9,6.4,3.3,431392.41
726,2493.3,92.8,76.0,15.7,2.5,408270.79
727,4164.1,83.0,80.2,24.2,3.6,567620.13
728,3695.8,97.0,169.6,29.9,3.4,625955.97
729,3746.3,82.7,122.8,26.2,2.3,590834.25
730,3636.4,82.4,92.0,13.3,2.3,552634.90
731,1784.0,91.4,127.1,1.0,1.6,430190.71
732,2345.1,98.6,156.5,10.9,0.9,548809.51
733,1921.0,85.3,166.4,1.4,4.7,393707.58
734,2414.5,81.5,94.8,28.4,2.0,442550.07
735,2012.9,89.0,83.3,7.5,3.0,335262.59
736,4190.2,82.5,86.1,15.9,3.9,568572.28
737,2897.4,83.1,69.2,4.0,3.4,442813.72
738,3750.2,85.1,85.0,16.4,2.9,557354.24
739,3421.6,97.6,166.4,30.0,2.7,624612.96
740,2052.3,91.3,158.5,27.0,4.1,434229.75
741,4881.3,96.6,188.7,9.2,2.8,814198.79
742,2451.5,81.0,131.1,16.1,1.0,505895.62
743,3963.7,81.9,134.4,20.5,1.8,643198.64
744,2719.1,85.2,139.4,17.5,3.5,491895.07
745,2694.4,95.9,143.4,25.1,4.5,471177.85
746,2131.3,91.1,165.8,27.2,4.9,440832.08
747,3848.1,84.2,163.8,18.6,0.3,682929.38
748,3219.7,85.0,84.1,19.9,0.6,546320.04
749,3334.6,85.2,169.7,11.6,4.7,549114.14
750,3131.5,90.3,133.9,14.0,1.7,605142.97
751,2968.3,92.7,177.0,15.3,4.3,547345.10
752,3432.9,89.7,99.3,18.4,4.9,560194.57
753,4214.6,81.3,78.1,5.3,4.2,602220.75
754,3265.2,92.9,173.1,21.5,0.3,674688.86
755,2243.4,95.7,130.8,19.1,2.9,415143.51
756,2585.9,93.9,92.9,21.3,0.7,501560.87
757,3632.7,81.6,85.6,9.8,4.3,506757.13
758,3319.0,83.9,130.5,29.3,3.1,541735.01
759,4745.9,95.4,86.1,4.6,4.1,651865.59
760,2843.6,83.3,101.4,7.3,0.8,519369.21
761,2784.2,83.0,138.5,7.9,3.9,503445.40
762,4107.7,93.3,160.3,24.3,1.5,744288.36
763,3555.2,90.0,163.3,9.0,4.3,582806.14
764,3315.0,97.1,147.0,16.2,4.4,551981.47
765,2029.2,88.2,159.1,26.1,2.8,393771.17
766,2850.7,89.9,127.0,8.9,3.0,463366.89
767,3057.7,96.6,138.6,6.2,2.5,543145.27
768,2963.9,86.0,154.5,12.0,4.5,525947.27
769,4696.5,99.5,86.8,20.8,0.4,766434.14
770,3012.1,81.8,160.4,14.4,1.0,571973.42
771,3669.0,80.8,143.1,15.2,2.0,556925.48
772,3008.7,82.3,106.9,6.1,0.3,537700.14
773,2073.3,96.0,107.4,10.6,4.7,369048.23
774,2096.3,94.0,111.8,6.6,2.5,398520.93
775,4157.8,97.8,140.7,29.9,3.2,639493.71
776,1954.7,97.3,98.7,23.4,4.9,342086.27
777,2415.3,80.2,156.2,7.2,0.3,468589.97
778,2604.5,96.1,82.3,13.9,4.2,413743.59
779,2807.8,90.5,146.1,21.9,0.9,558062.16
780,4485.4,98.0,172.1,8.7,1.7,797679.94
781,3422.0,95.3,102.5,26.4,3.2,511408.63
782,3652.5,89.5,139.5,8.6,3.3,607580.06
783,3485.5,91.2,91.9,13.1,2.0,550748.32
784,3405.7,90.6,130.0,27.9,2.9,581038.24
785,3615.6,87.2,170.0,2.1,1.2,704479.60
786,1812.3,93.1,139.9,14.4,3.5,362676.06
787,3999.7,96.7,81.7,21.4,3.9,606086.53
788,3294.5,96.9,158.6,28.5,4.1,559109.48
789,2609.2,80.5,112.5,9.5,4.6,437461.56
790,1644.3,84.1,133.6,1.5,3.9,357263.31
791,2286.6,91.8,134.6,24.5,3.2,454216.15
792,2864.4,94.3,110.8,17.8,1.9,552391.46
793,3946.9,84.4,80.9,15.5,3.7,592028.12
794,1660.5,87.3,145.1,25.0,2.0,424518.53
795,2778.9,93.2,157.0,3.9,0.7,590998.15
796,4111.2,80.2,101.1,12.3,1.7,616555.64
797,2499.4,85.3,144.3,21.3,3.7,441865.44
798,4696.4,96.7,181.1,23.8,2.3,790661.14
799,4028.3,93.9,97.6,28.0,4.2,627777.40
800,4864.3,96.6,95.2,21.5,3.7,693043.28
801,3263.4,93.7,89.1,18.2,2.0,536335.34
802,2652.2,95.1,94.0,13.7,2.9,445757.47
803,4123.6,81.2,156.5,10.0,4.8,640481.11
804,4712.7,94.8,109.1,16.7,0.5,750506.05
805,2795.6,91.8,85.9,5.4,0.8,470948.41
806,3244.9,93.9,130.0,18.3,2.5,543758.43
807,1761.3,90.9,120.0,15.8,4.4,338718.18
808,2062.6,97.1,110.8,17.7,2.5,393214.07
809,2056.3,88.8,98.0,14.2,1.4,408686.28
810,4272.2,82.4,139.7,11.9,2.8,632373.79
811,4351.1,81.7,134.3,22.4,1.7,730564.05
812,2440.5,88.5,93.8,14.0,2.8,382690.97
813,1726.4,86.3,122.5,21.8,2.4,332760.29
814,2968.7,95.3,117.2,13.4,3.1,485915.99
815,4396.1,96.7,193.4,16.8,2.5,729051.74
816,3774.1,97.2,132.8,21.3,3.2,619951.57
817,2366.4,96.9,117.1,13.4,3.9,427773.12
818,3094.0,82.5,117.5,2.6,2.2,497388.45
819,4265.4,95.0,138.2,27.5,3.6,649086.61
820,2738.9,97.8,113.8,25.1,3.1,476445.54
821,2297.9,92.8,152.3,16.1,1.1,500293.68
822,4145.4,89.5,111.8,8.5,2.7,635063.68
823,2488.7,82.1,99.3,13.1,0.4,460306.63
824,3014.7,86.3,123.9,27.2,1.6,543715.91
825,3756.9,95.5,148.6,21.4,0.8,647365.68
826,3892.7,81.3,97.2,4.4,4.5,603060.89
827,3433.7,91.7,134.9,12.8,3.6,599318.28
828,2826.5,94.7,144.1,15.2,3.1,522669.08
829,2863.9,85.5,138.5,25.2,4.9,517933.14
830,1787.3,82.1,99.3,28.6,3.8,322696.49
831,2154.2,88.6,139.5,3.5,2.8,436517.79
832,3532.8,80.7,68.1,12.8,2.3,487026.62
833,3424.2,94.4,107.3,21.9,3.4,569241.42
834,3357.6,89.4,107.5,4.1,4.1,526780.25
835,2413.4,96.7,127.4,28.7,4.5,442492.65
836,3113.9,98.6,149.3,28.6,2.8,567259.53
837,3507.2,95.2,171.6,3.3,4.7,620993.60
838,3404.9,98.8,166.8,20.8,2.8,645207.33
839,3806.4,99.5,88.5,29.2,3.9,571662.36
840,4647.2,92.5,93.2,23.3,0.5,710702.25
841,4626.1,97.2,85.3,8.6,2.4,649769.73
842,3847.4,95.7,166.9,25.2,3.9,662435.75
843,2368.1,99.8,101.9,12.9,2.8,436243.62
844,4676.8,90.5,156.5,12.9,4.0,725192.58
845,3729.5,80.9,137.0,18.7,5.0,618785.24
846,3020.4,97.9,173.4,10.4,1.3,625516.39
847,3992.1,96.5,137.3,24.7,2.3,639521.62
848,3497.6,97.4,121.3,12.7,2.8,570230.76
849,1633.5,87.6,157.5,16.9,3.3,369960.42
850,1650.3,87.4,130.0,29.8,1.2,385660.91
851,4550.2,98.5,154.1,27.0,0.8,757842.22
852,2358.0,81.9,78.7,5.5,4.2,356905.93
853,2228.2,81.6,98.3,1.3,3.5,371799.21
854,3799.7,80.5,150.0,9.8,0.4,667350.17
855,3321.1,93.2,148.0,4.5,3.1,600108.45
856,2566.8,87.2,130.3,12.8,2.3,455966.83
857,1718.2,81.0,134.1,6.1,4.4,364756.53
858,2278.1,93.5,131.9,29.5,4.0,441942.36
859,3828.8,91.8,146.4,21.4,1.1,682836.52
860,4600.4,93.9,83.5,14.5,4.9,661520.27
861,1788.9,88.1,117.9,18.3,1.9,397967.50
862,2698.0,89.3,127.6,5.1,3.8,473112.72
863,4189.6,84.7,131.0,14.2,3.8,630174.60
864,4152.5,87.9,123.0,9.5,0.8,700818.08
865,3258.2,96.9,91.4,16.1,1.9,555326.86
866,1736.7,86.9,124.8,5.0,2.1,366358.54
867,2307.3,99.3,134.3,21.8,2.1,446180.47
868,3627.8,99.6,152.8,7.8,4.2,609226.09
869,2781.3,95.8,157.5,22.2,4.9,500234.25
870,2319.5,84.6,117.6,19.7,3.3,424766.60
871,3609.6,96.9,183.7,16.5,0.3,667118.56
872,1930.8,85.1,121.4,21.0,4.8,382986.22
873,3918.7,89.3,144.5,23.5,2.7,638499.87
874,4689.1,93.7,113.9,26.5,0.6,775452.53
875,2069.4,89.6,162.6,16.4,1.8,477473.44
876,4090.9,95.6,93.6,16.6,4.3,606895.05
877,4485.4,85.4,91.0,9.6,4.3,677406.39
878,3754.1,90.5,128.6,16.5,4.0,569490.06
879,4078.9,95.9,186.3,11.4,4.1,688862.50
880,2615.9,91.8,169.1,24.0,3.3,531440.89
881,4477.3,83.4,108.9,17.4,0.9,711577.69
882,1927.3,85.1,88.2,3.7,1.9,376320.50
883,3783.1,99.2,164.8,2.3,0.8,668590.09
884,3552.4,93.4,85.9,9.8,2.8,564954.13
885,3296.5,80.2,92.0,11.9,4.2,489014.87
886,2518.6,80.3,143.1,10.4,0.3,471927.81
887,2004.1,92.6,138.2,29.2,0.8,428872.64
888,2326.7,95.5,84.2,25.9,4.2,409902.48
889,2381.0,94.0,126.1,12.1,1.6,508179.26
890,2083.6,80.4,102.0,11.9,1.8,432952.49
891,3424.8,90.4,135.7,5.9,4.2,536116.28
892,3046.3,83.3,91.7,9.2,4.9,451023.18
893,2744.5,98.9,127.8,16.0,4.3,462337.25
894,3128.6,92.3,110.0,16.7,4.5,523995.80
895,2462.4,84.8,121.5,15.3,4.5,444631.59
896,4496.8,86.5,143.5,21.3,1.6,735746.86
897,3517.4,84.3,158.2,14.5,4.7,583208.69
898,3082.8,82.5,127.6,11.5,0.6,565888.99
899,1970.8,87.1,163.9,24.4,4.1,409085.11
900,2738.7,85.2,133.8,24.0,3.6,492782.77
901,1622.3,85.7,78.7,14.2,1.9,345620.82
902,4282.7,82.9,114.6,6.4,2.7,654288.86
903,2197.7,92.0,181.1,20.9,1.0,539540.05
904,3433.5,98.0,108.1,22.7,2.9,562971.30
905,4023.0,82.1,144.0,29.1,0.5,651978.70
906,1930.3,80.6,91.7,24.0,1.9,390204.35
907,3557.6,95.2,79.7,26.3,3.0,561561.44
908,3160.0,86.3,90.0,20.4,4.4,462513.79
909,3510.7,80.1,118.7,13.7,2.6,539047.92
910,4278.4,92.7,161.5,25.6,2.0,716975.65
911,1944.8,92.7,135.3,17.1,3.1,413849.97
912,2043.5,98.1,178.1,13.7,4.7,471877.59
913,3840.9,90.1,89.0,5.9,3.3,570467.33
914,1722.5,89.8,173.7,20.5,2.0,410117.12
915,1861.5,90.4,142.8,24.0,0.4,450802.32
916,4599.4,95.9,122.2,23.8,3.0,726127.25
917,4122.8,88.7,125.7,28.9,3.6,641409.24
918,1860.8,80.9,138.2,20.3,4.1,347512.77
919,3756.0,98.4,193.4,26.8,1.2,769374.62
920,2028.4,95.7,127.1,10.7,2.3,404562.33
921,3164.4,92.5,124.4,16.6,4.2,512119.84
922,3471.8,94.4,168.6,26.6,2.3,576842.21
923,4411.6,88.0,139.4,26.4,4.7,673481.76
924,3019.5,93.3,129.7,8.3,1.3,584862.93
925,2407.2,81.3,95.4,24.6,3.0,403725.70
926,2723.1,96.3,155.1,26.1,3.2,504370.27
927,1979.7,91.2,85.2,14.7,1.5,407229.10
928,4615.9,98.3,97.7,11.4,1.9,700930.87
929,4395.6,94.1,82.1,2.4,3.1,647447.52
930,3606.5,95.1,87.6,19.0,0.4,607051.09
931,1915.9,93.3,129.9,27.2,1.7,415266.48
932,1959.0,87.7,121.6,14.9,3.8,375939.19
933,4083.9,82.9,78.5,26.1,4.6,615008.88
934,4439.3,83.3,72.5,7.0,0.4,687382.68
935,2550.4,97.4,170.7,6.6,2.0,494478.87
936,3602.1,89.9,80.7,1.7,0.8,581753.51
937,2169.9,82.8,148.0,8.3,4.5,417696.62
938,3217.2,90.0,151.6,3.3,1.2,616913.56
939,2269.4,80.6,74.1,15.6,3.3,340322.75
940,2086.5,97.5,192.5,10.0,1.4,543859.87
941,4518.9,99.1,137.1,24.6,4.8,739201.49
942,4085.5,93.3,93.0,2.7,0.8,643821.31
943,1488.2,80.6,156.0,3.4,3.5,335429.95
944,3974.4,82.1,83.9,18.4,0.3,622871.44
945,4626.2,97.7,160.2,11.3,2.1,705476.47
946,4110.3,92.6,74.5,13.6,1.0,641200.56
947,3829.7,87.8,156.9,1.8,0.4,682130.38
948,3913.1,82.9,165.7,8.3,0.5,678295.62
949,3292.8,89.4,160.7,5.5,4.1,557593.64
950,3351.2,81.1,126.5,11.7,1.0,584690.44
951,2095.2,88.5,83.7,11.5,3.1,334896.77
952,2177.0,99.5,83.9,7.2,2.4,385852.99
953,3519.2,86.8,85.4,1.9,4.8,531433.44
954,2863.2,91.6,177.9,8.3,1.9,580625.31
955,3787.3,87.2,171.1,19.1,2.4,619616.92
956,1828.9,90.4,91.5,5.0,0.8,370928.61
957,4121.0,84.4,91.6,8.5,3.1,599882.18
958,3356.0,93.4,123.1,28.4,3.1,522406.62
959,4069.4,97.9,181.6,1.3,1.0,725025.21
960,2227.1,85.7,88.0,27.8,4.9,358020.30
961,2661.2,81.5,149.5,26.8,0.7,528413.74
962,3042.0,92.0,132.0,4.7,3.7,545361.77
963,4624.9,90.2,78.4,14.7,3.7,619295.54
964,3668.1,98.5,181.9,22.2,2.6,618087.83
965,2639.1,91.0,126.9,18.5,4.1,479866.48
966,4327.1,83.8,117.0,23.1,3.5,631738.28
967,3126.8,96.7,115.3,15.3,3.1,517716.52
968,4613.3,89.5,108.6,20.7,2.3,674860.25
969,2406.7,86.5,168.4,13.2,0.7,527708.87
970,4422.0,91.0,120.1,25.5,2.0,698245.26
971,2120.1,84.1,140.0,8.3,2.8,426941.09
972,4118.8,82.9,111.6,21.6,3.9,605876.20
973,3360.5,96.8,144.7,3.5,0.7,628722.86
974,3535.7,82.1,132.7,9.7,0.6,620854.85
975,1891.2,95.6,111.7,8.2,4.4,382056.69
976,4022.1,96.3,105.5,20.6,2.2,608761.39
977,2633.9,91.5,164.7,5.7,3.3,512280.43
978,3801.2,80.6,110.9,19.6,2.7,563889.23
979,3364.3,93.6,125.2,7.8,2.4,572403.35
980,3281.7,88.4,97.8,26.0,2.3,496675.48
981,3083.7,98.3,191.3,14.1,3.6,586212.14
982,1654.6,84.7,164.0,4.2,2.6,378248.32
983,1585.4,81.9,69.8,29.7,4.1,257488.51
984,1885.1,85.1,84.3,2.0,1.8,368290.78
985,3291.4,92.7,116.8,15.8,2.1,540032.15
986,3348.8,91.4,77.6,7.2,2.6,509123.93
987,4295.5,95.7,179.1,23.3,4.3,745829.80
988,2808.6,95.2,167.0,22.7,1.2,560794.31
989,4569.1,98.8,195.1,23.9,3.4,798306.14
990,1839.7,93.4,147.2,11.1,1.4,451359.34
991,3939.1,91.1,75.8,1.2,4.7,579434.66
992,4429.6,97.3,125.3,29.0,0.8,772723.83
993,2597.4,83.0,108.6,4.6,1.5,486107.22
994,3079.1,92.0,80.8,9.6,0.5,512714.34
995,1688.1,81.8,145.7,22.7,3.5,349063.41
996,2544.2,93.1,117.5,20.1,2.8,471242.07
997,3413.1,95.0,130.9,13.7,4.8,594676.16
998,4269.4,84.5,98.5,18.1,1.7,694897.62
999,3905.1,86.9,117.0,28.4,2.5,626393.69
1000,1765.6,80.2,79.2,18.6,3.2,312894.84
1001,2008.2,83.0,79.0,22.1,1.2,400124.34
1002,2431.2,90.7,93.1,13.9,5.0,381313.29
1003,3831.4,97.5,193.3,28.1,1.1,727249.38
1004,3348.7,82.1,162.9,21.8,1.3,653551.00
1005,3776.7,97.2,82.6,25.3,4.2,586795.03
1006,2574.9,95.3,172.9,14.2,1.4,568240.33
1007,3986.2,98.5,99.1,6.2,3.0,577554.62
1008,4410.8,94.3,88.9,2.5,2.8,663878.65
1009,4382.1,96.8,124.7,21.3,4.3,643806.44
1010,2120.8,88.3,119.1,9.4,3.6,409808.98
1011,2839.6,84.3,101.0,12.6,3.0,455408.43
1012,2148.0,96.0,177.7,7.7,1.3,520871.05
1013,4398.8,88.8,173.7,24.0,3.9,726124.84
1014,3821.5,94.2,85.2,23.5,2.1,561535.88
1015,2478.4,86.6,92.4,17.1,4.8,416891.19
1016,3840.8,92.5,113.7,24.6,2.9,610433.43
1017,3995.8,84.5,85.5,19.6,1.8,636985.86
1018,3353.8,89.4,166.4,4.7,0.3,641579.75
1019,3749.3,99.9,198.2,22.5,3.1,721616.04
1020,2132.7,89.4,165.8,7.4,3.4,438836.86
1021,4117.8,88.0,116.1,12.5,2.5,662014.59
1022,2857.8,87.7,108.6,12.6,4.9,488005.77
1023,4731.7,97.7,194.9,29.9,2.5,765880.88
1024,4975.5,99.8,88.8,13.2,4.7,684990.49
1025,1558.2,81.8,112.5,5.3,1.7,352820.00
1026,4038.2,99.3,113.8,7.3,3.0,604680.39
1027,1741.8,89.8,84.3,10.7,3.5,321608.97
1028,2214.8,89.6,110.9,24.2,1.7,438480.05
1029,2727.2,100.0,113.1,14.5,4.8,448228.93
1030,4086.8,82.8,162.8,10.5,1.3,742959.17
1031,3213.1,86.4,129.7,22.6,2.9,504306.66
1032,3666.2,91.0,80.6,30.0,0.4,613063.18
1033,2967.4,96.8,118.0,27.6,3.3,483623.32
1034,4227.9,85.1,98.0,13.9,2.5,614026.42
1035,1695.9,82.1,128.0,25.0,1.4,377431.12
1036,4378.7,82.3,137.6,17.0,2.7,650558.06
1037,2374.8,94.2,179.1,11.1,3.6,496169.04
1038,4008.1,85.4,124.5,23.0,1.8,694981.79
1039,2251.0,88.7,71.0,10.7,0.4,410313.77
1040,3854.6,90.7,144.5,17.0,1.1,700198.90
1041,3123.9,89.4,147.9,8.4,4.3,549266.00
1042,4366.4,98.8,166.4,9.1,4.8,754385.77
1043,1735.3,86.7,104.0,10.5,1.9,376869.88
1044,4099.4,95.2,95.4,19.3,4.3,610108.05
1045,2115.7,89.6,129.0,23.6,3.7,385972.41
1046,1593.3,84.1,138.3,28.0,1.3,401417.08
1047,2494.8,83.8,92.7,6.2,4.0,425381.31
1048,4223.6,97.0,182.0,14.0,2.5,760700.96
1049,3163.3,99.4,167.6,18.1,3.6,611510.28
1050,2643.6,94.1,111.9,7.8,0.6,518028.73
1051,3057.6,87.6,173.0,13.6,4.9,552280.26
1052,2382.6,82.6,113.7,24.4,3.0,401852.41
1053,3455.0,89.4,171.8,7.4,4.9,627075.78
1054,4720.5,92.4,88.2,3.3,0.4,741040.89
1055,4074.6,90.7,74.7,4.7,0.9,669616.17
1056,2771.7,80.8,94.2,1.2,4.5,436684.33
1057,4056.2,89.5,159.4,7.7,2.4,690909.30
1058,2006.9,83.0,101.1,16.6,0.7,403412.74
1059,3989.2,90.5,77.3,23.7,2.5,561585.07
1060,2957.5,94.1,95.1,16.1,1.5,501604.45
1061,2582.2,93.7,153.6,22.5,1.2,539836.71
1062,2693.5,85.4,75.4,21.1,4.0,419437.80
1063,4132.4,97.8,81.4,4.4,4.5,610052.80
1064,4118.3,81.7,153.6,2.3,4.6,619517.13
1065,3265.1,99.5,195.5,14.4,0.5,686828.84
1066,3191.0,95.7,161.6,6.3,0.6,621815.79
1067,3583.8,80.9,74.1,3.2,2.9,530438.86
1068,2366.8,87.5,119.5,17.0,3.7,417400.18
1069,3510.7,99.6,181.9,14.5,0.3,654405.37
1070,3123.5,84.6,73.8,4.2,3.4,464227.62
1071,3138.8,90.9,177.3,26.1,3.9,554558.35
1072,1675.5,81.0,158.8,22.7,5.0,362164.39
1073,2082.5,99.3,101.2,5.5,4.0,402873.32
1074,4383.7,91.6,182.8,29.3,2.7,731264.79
1075,2320.6,88.9,93.0,27.3,1.6,417626.12
1076,3677.2,82.9,80.6,12.6,4.8,543169.34
1077,4325.3,85.4,118.2,13.6,4.7,664036.47
1078,2203.0,99.7,121.5,2.4,2.9,395741.65
1079,2644.4,80.1,100.0,29.7,0.9,480248.43
1080,4277.6,94.9,171.7,11.7,3.4,688691.42
1081,3927.2,95.9,136.9,20.4,5.0,621322.78
1082,2194.5,88.4,83.3,6.2,4.3,372102.15
1083,2263.1,90.0,73.5,16.2,4.3,361459.98
1084,2368.8,86.9,96.5,4.6,1.5,421598.54
1085,3285.1,83.3,151.5,21.6,0.6,634433.32
1086,3435.9,85.0,133.4,25.8,2.5,540644.09
1087,3549.6,90.7,77.5,16.9,0.6,565459.26
1088,3903.8,93.6,160.0,4.6,3.8,676886.52
1089,3052.2,86.0,78.7,1.3,2.2,450709.02
1090,4199.8,87.9,138.8,8.0,3.3,678821.73
1091,2522.2,86.4,120.4,17.7,0.6,489824.88
1092,4235.8,81.1,111.9,14.7,2.0,688911.95
1093,3186.2,82.3,82.6,20.6,1.9,509019.90
1094,3090.6,91.7,114.0,27.5,4.5,517365.30
1095,4428.8,88.2,94.1,11.7,0.4,667341.03
1096,2199.7,97.2,106.2,17.7,1.5,433548.29
1097,3841.3,89.1,153.2,7.4,4.0,662543.05
1098,3353.6,88.4,150.9,17.7,3.8,573573.76
1099,2345.4,80.5,120.9,6.1,2.2,402688.59
1100,4185.0,80.5,66.9,22.8,2.2,601977.86
1101,4582.9,91.0,158.6,26.8,3.3,744522.25
1102,3251.4,87.0,128.6,26.8,3.9,512734.04
1103,4648.6,96.7,84.2,5.7,3.0,632220.59
1104,3736.2,94.8,156.9,22.2,1.9,690751.14
1105,3831.5,84.9,167.8,22.0,4.4,654295.12
1106,2769.8,82.3,106.9,24.9,4.8,459432.87
1107,2182.2,97.6,112.3,8.6,2.2,415826.12
1108,1786.8,85.7,92.2,9.0,0.7,392917.65
1109,3648.7,97.0,98.8,5.4,3.6,588599.38
1110,3031.2,92.8,168.4,27.0,0.8,637512.13
1111,1991.8,94.6,110.9,9.8,1.8,414485.22
1112,3388.8,90.2,89.0,28.1,1.8,547458.25
1113,4582.5,98.5,186.1,18.9,4.8,750163.86
1114,2407.6,88.4,174.6,16.4,2.3,479762.28
1115,4354.3,89.9,139.8,8.5,0.5,709333.82
1116,3334.7,95.5,102.5,11.0,3.9,531386.46
1117,4495.8,97.4,165.2,9.3,3.1,706710.45
1118,4441.9,95.9,128.4,2.5,4.4,673488.38
1119,2256.7,97.1,113.1,1.2,3.5,424801.20
1120,2475.0,91.1,126.4,14.1,3.1,424126.64
1121,2471.0,87.0,169.3,28.2,2.6,456537.25
1122,2157.7,88.9,120.7,28.8,2.1,415796.35
1123,4053.2,82.3,71.3,2.7,3.0,603782.56
1124,4526.6,94.3,88.8,10.9,1.1,680375.43
1125,4293.6,91.5,146.8,23.8,3.1,669237.31
1126,3848.1,92.7,120.3,6.7,1.9,662409.71
1127,2513.5,88.6,107.1,4.0,4.4,416047.44
1128,4461.8,83.5,142.6,25.6,3.7,697059.42
1129,3575.3,99.1,158.1,25.6,3.3,641274.90
1130,3979.7,83.6,80.8,17.5,4.7,552926.17
1131,3611.1,95.2,161.6,20.3,1.4,657047.70
1132,2478.9,84.5,73.2,28.6,3.6,407520.33
1133,2919.2,97.4,132.2,21.1,1.2,542456.71
1134,1682.1,88.7,114.7,23.6,3.2,315387.86
1135,1837.6,80.8,115.7,25.4,1.8,412350.50
1136,3375.0,94.3,171.8,13.1,0.7,690863.22
1137,4463.6,94.8,90.3,25.6,1.0,719475.37
1138,3941.2,87.3,167.7,24.4,1.8,666510.30
1139,3004.5,95.0,115.6,6.8,3.3,501113.18
1140,2811.2,97.6,80.2,23.5,0.7,497189.25
1141,3362.5,85.4,128.1,5.4,2.5,567356.77
1142,4182.4,84.6,107.9,14.7,3.7,596708.58
1143,3515.0,80.4,98.8,5.6,0.4,546322.76
1144,3767.4,98.0,160.1,12.4,4.8,680502.29
1145,2294.5,97.8,182.3,21.0,4.4,476025.17
1146,4442.2,88.2,105.6,27.6,0.9,699223.26
1147,2777.7,97.3,188.3,24.7,0.6,613486.89
1148,4061.5,83.5,104.7,15.8,4.7,637414.39
1149,2578.7,94.0,136.6,20.5,4.9,483231.84
1150,3223.2,95.4,147.4,5.4,3.8,584313.09
1151,3295.2,83.2,86.8,24.1,1.7,519981.98
1152,4014.5,87.3,141.5,2.7,0.9,675615.52
1153,2115.3,96.8,152.5,12.3,4.8,440320.11
1154,3831.3,96.6,106.6,8.0,4.1,626775.31
1155,2338.1,95.0,77.8,22.7,2.4,397096.41
1156,4412.4,83.8,106.8,12.9,2.7,656448.99
1157,4608.4,95.5,82.6,2.4,1.2,678484.35
1158,3555.4,92.8,182.6,1.9,4.6,655962.50
1159,3954.2,96.2,163.6,5.7,3.8,636347.07
1160,2957.7,82.1,97.4,13.1,4.6,487071.82
1161,2062.4,98.6,144.4,26.9,1.4,497929.52
1162,3581.0,81.4,90.0,11.0,4.6,504161.69
1163,3059.2,93.0,106.8,20.6,3.4,483684.48
1164,3218.9,98.5,160.1,17.4,3.7,583668.93
1165,4149.0,92.9,108.6,19.5,3.6,632344.13
1166,4378.7,83.1,92.0,6.8,2.8,598850.09
1167,3688.4,99.3,139.2,10.9,1.1,683945.64
1168,2291.4,97.0,94.0,26.9,0.9,423478.96
1169,2037.5,82.9,130.2,16.2,1.5,445754.05
1170,3062.7,89.9,110.3,21.0,4.3,494999.78
1171,4569.8,87.7,130.1,18.0,3.1,687489.84
1172,2505.8,96.1,80.0,8.6,2.3,422849.99
1173,3240.6,92.5,103.0,4.9,1.2,558383.75
1174,2711.6,89.8,119.1,15.7,2.8,485435.63
1175,3691.9,85.1,78.2,22.1,2.9,550723.99
1176,4845.9,95.5,164.3,1.1,1.5,855952.46
1177,2897.3,96.2,168.8,27.1,4.8,568874.33
1178,3001.5,98.8,102.7,15.1,2.0,471155.63
1179,2153.6,83.5,99.0,5.3,3.1,352871.01
1180,4380.2,84.4,67.6,4.0,4.1,639485.24
1181,3103.2,88.5,168.7,8.0,4.3,583673.64
1182,3758.7,89.5,75.1,17.1,3.8,565631.25
1183,2942.9,97.0,145.2,12.6,3.2,557630.49
1184,3106.7,81.6,127.0,27.6,3.4,531058.58
1185,3811.0,96.1,177.0,18.0,2.7,670453.28
1186,4009.1,98.5,98.7,13.9,3.5,634109.76
1187,3460.2,94.3,180.1,16.9,0.4,692583.63
1188,2311.8,84.5,121.1,12.3,2.7,404362.75
1189,3587.3,91.5,162.8,4.0,4.9,609726.15
1190,2520.8,96.3,96.3,13.3,4.7,430536.43
1191,3055.6,87.2,107.7,17.1,0.7,546453.08
1192,4181.5,94.7,180.3,5.3,3.7,736198.75
1193,2208.0,86.7,130.4,19.1,4.8,393370.70
1194,2343.8,82.8,112.0,21.4,4.2,391650.34
1195,3603.6,80.0,91.2,14.9,0.4,614029.76
1196,4780.0,94.1,160.1,26.8,2.4,748208.84
1197,1994.5,80.8,159.8,7.1,0.4,462112.35
1198,4270.2,97.4,113.8,27.9,3.3,686992.54
1199,4127.3,93.5,119.0,24.4,0.7,711471.01
1200,1603.1,84.2,139.6,8.3,4.7,349265.34
